0.0,-0.3780926294786282
0.001985111662531125,-0.3626563390731761
0.003970223325062028,-0.34676949805585866
0.005955334987593153,-0.3304377259990432
0.007940446650124278,-0.31366797276673136
0.00992555831265518,-0.2964685142244753
0.011910669975186305,-0.2788489461748983
0.013895781637717208,-0.26082017652626605
0.015880893300248333,-0.24239441570533543
0.017866004962779236,-0.2235851653293847
0.01985111662531036,-0.20440720515582023
0.021836228287841264,-0.18487657833102997
0.023821339950372167,-0.1650105749631933
0.02580645161290329,-0.1448277140465119
0.027791563275434195,-0.12434772376669687
0.02977667493796532,-0.10359152021948122
0.03176178660049622,-0.08258118457547842
0.03374689826302735,-0.06133993872602411
0.03573200992555825,-0.03989211944588376
0.037717121588089375,-0.018263151110005177
0.0397022332506205,0.003520482997092707
0.0416873449131514,0.025431270739161804
0.04367245657568253,0.047440702511492516
0.04565756823821343,0.06951930390601581
0.047642679900744556,0.09163666961279643
0.04962779156327546,0.11376149851062035
0.05161290322580658,0.13586162989756287
0.053598014888337486,0.15790408081064922
0.05558312655086861,0.179855084381991
0.057568238213399736,0.20168012917713424
0.05955334987593064,0.22334399945985714
0.06153846153846154,0.2448108163263467
0.06352357320099244,0.26604407965053883
0.06550868486352357,0.28700671078131923
0.0674937965260547,0.30766109593108104
0.0694789081885856,0.32796913019363977
0.07146401985111672,0.3478922621276648
0.07344913151364763,0.3673915388397893
0.07543424317617875,0.386427651499723
0.07741935483870965,0.4049609812183004
0.07940446650124078,0.42295164521860035
0.08138957816377168,0.44035954323007
0.0833746898263028,0.45714440403583584
0.08535980148883393,0.47326583210391376
0.08734491315136483,0.4886833542336418
0.08933002481389596,0.5033564661491604
0.09131513647642686,0.5172446789719496
0.09330024813895799,0.5303075655042406
0.09528535980148889,0.54250480625469
0.09727047146402001,0.5537962351373389
0.09925558312655092,0.5641418847749134
0.10124069478908204,0.5735020313382587
0.10322580645161294,0.5818372388554389
0.10521091811414385,0.5891084029270285
0.10719602977667497,0.5952767937884204
0.10918114143920588,0.600304098665267
0.111166253101737,0.6041524633739053
0.11315136476426813,0.6067845331242913
0.11513647642679903,0.6081634924883121
0.11712158808933015,0.6082531045011556
0.11910669975186106,0.6070177488674757
0.12109181141439218,0.6044224592471947
0.12307692307692308,0.6004329595979718
0.1250620347394542,0.5950156995529986
0.1270471464019851,0.5881378888141882
0.12903225806451624,0.5797675305421326
0.13101736972704736,0.5698734537253353
0.13300248138957826,0.5584253445121404
0.1349875930521094,0.5453937764895066
0.1369727047146403,0.5307502398933672
0.13895781637717142,0.5144671697358238
0.14094292803970232,0.49651797283484095
0.14292803970223344,0.4768770537325323
0.14491315136476435,0.4555198394886456
0.14689826302729525,0.43242280333657074
0.14888337468982638,0.40756348719009555
0.15086848635235728,0.3809205229900446
0.1528535980148884,0.35247365288059457
0.1548387096774193,0.3222037482052906
0.15682382133995043,0.29009282731260333
0.15880893300248156,0.25612407216037625
0.16079404466501246,0.2202818437077692
0.16277915632754358,0.1825516960823374
0.1647642679900745,0.14292038950873903
0.1667493796526056,0.1013759019843705
0.16873449131513651,0.05790743968613193
0.17071960297766764,0.012505446091654233
0.17270471464019854,-0.03483839020226302
0.17468982630272967,-0.08413112898153088
0.1766749379652608,-0.1353785732544585
0.1786600496277917,-0.1885852654464012
0.18064516129032282,-0.24375448496592186
0.1826302729528535,-0.3008882471582319
0.18461538461538485,-0.3599873036607581
0.18660049627791575,-0.4210511441746487
0.18858560794044665,-0.48407799966488774
0.19057071960297778,-0.5490648470004055
0.19255583126550868,-0.6160074150441535
0.1945409429280398,-0.6849001922015292
0.1965260545905707,-0.7557364354337373
0.19851116625310183,-0.8285081807405897
0.20049627791563274,-0.9032062551148
0.20248138957816386,-0.9798202899669759
0.204466501240695,-1.0583387360173007
0.2064516129032259,-1.138748879646379
0.20843672456575701,-1.2210368606940065
0.21042183622828792,-1.305187691690776
0.21240694789081904,-1.3911852785035503
0.21439205955334995,-1.4790124423719968
0.21637717121588107,-1.5686509433096238
0.21836228287841197,-1.6600815048391346
0.22034739454094288,-1.7532838400283952
0.22233250620347422,-1.848236678789876
0.2243176178660049,-1.9449177964030437
0.22630272952853625,-2.04330404321585
0.22828784119106693,-2.143371375478256
0.23027295285359806,-2.2450948872576055
0.23225806451612918,-2.3484488433825694
0.23424317617866008,-2.4534067133593456
0.2362282878411912,-2.559941206200976
0.2382133995037221,-2.668024306108407
0.24019851116625324,-2.7776273089406294
0.24218362282878414,-2.888720859411085
0.24416873449131526,-3.001274988948351
0.24615384615384617,-3.1152591541605883
0.2481389578163773,-3.230642275845001
0.2501240694789084,-3.3473927784853252
0.2521091811414393,-3.465478630182007
0.25409429280397045,-3.5848673829612316
0.25607940446650135,-3.7055262134102533
0.2580645161290325,-3.827421963587584
0.2600496277915634,-3.950521182157434
0.2620347394540943,-4.074790165698311
0.2640198511166254,-4.200195000135811
0.2660049627791563,-4.326701602249347
0.26799007444168765,-4.454275761201722
0.26997518610421833,-4.582883180039181
0.27196029776674946,-4.712489517108173
0.27394540942928036,-4.843060427333911
0.2759305210918115,-4.974561603305109
0.2779156327543426,-5.1069588161091835
0.2799007444168735,-5.240217955862752
0.28188585607940464,-5.374305071883455
0.28387096774193554,-5.509186412450418
0.28585607940446667,-5.644828464101885
0.28784119106699757,-5.781197990419425
0.2898263027295287,-5.91826207024895
0.2918114143920596,-6.055988135309646
0.2937965260545907,-6.194344007142914
0.29578163771712185,-6.333297933354469
0.29776674937965275,-6.472818623103722
0.2997518610421839,-6.612875281795569
0.3017369727047148,-6.753437644930751
0.3037220843672457,-6.894476011071953
0.3057071960297768,-7.0359612738839346
0.3076923076923077,-7.177864953207054
0.30967741935483883,-7.320159225124409
0.31166253101736974,-7.462816950983541
0.31364764267990086,-7.60581170533423
0.31563275434243176,-7.7491178027446574
0.3176178660049629,-7.892710323459458
0.3196029776674938,-8.036565137865109
0.3215880893300249,-8.180658929730626
0.32357320099255604,-8.32496921819446
0.32555831265508695,-8.469474378471501
0.32754342431761807,-8.614153661257186
0.329528535980149,-8.758987210808543
0.3315136476426801,-8.903956081684898
0.333498759305211,-9.049042254133477
0.3354838709677421,-9.194228648107535
0.33746898263027303,-9.339499135906728
0.33945409429280415,-9.484838553431318
0.34143920595533506,-9.630232710043279
0.3434243176178662,-9.775668397028667
0.3454094292803971,-9.921133394656716
0.3473945409429282,-10.066616477832198
0.3493796526054591,-10.212107420338707
0.35136476426799,-10.357596997671617
0.35334987593052114,-10.503076988460688
0.35533498759305226,-10.648540174483454
0.35732009925558317,-10.793980339271734
0.3593052109181143,-10.939392265314726
0.3612903225806452,-11.08477172986332
0.3632754342431763,-11.230115499341167
0.3652605459057072,-11.375421322369037
0.36724565756823835,-11.52068792140951
0.36923076923076925,-11.665914983039379
0.3712158808933004,-11.811103146857098
0.3732009925558315,-11.95625399303203
0.3751861042183624,-12.101370028501652
0.37717121588089353,-12.246454671821821
0.37915632754342443,-12.39151223667419
0.38114143920595556,-12.536547914033607
0.38312655086848646,-12.681567752997541
0.3851116625310176,-12.826578640279228
0.3870967741935485,-12.97158827836671
0.3890818858560796,-13.116605162351409
0.3910669975186105,-13.261638555432084
0.3930521091811414,-13.406698463102737
0.39503722084367254,-13.551795606036325
0.39702233250620345,-13.696941391679871
0.39900744416873457,-13.842147884581081
0.4009925558312657,-13.987427775471948
0.4029776674937966,-14.13279434914045
0.4049627791563277,-14.278261451127307
0.4069478908188586,-14.423843453290146
0.40893300248138975,-14.569555218282536
0.41091811414392065,-14.715412063000034
0.4129032258064518,-14.861429721049703
0.4148883374689827,-15.007624304303528
0.4168734491315136,-15.154012263599745
0.41885856079404493,-15.30061034865928
0.4208436724565756,-15.447435567287485
0.42282878411910696,-15.594505143933896
0.42481389578163764,-15.741836477685224
0.426799007444169,-15.88944709976889
0.4287841191066999,-16.037354630646124
0.430769230769231,-16.185576736774635
0.4327543424317619,-16.334131087121047
0.43473945409429304,-16.48303530950275
0.43672456575682395,-16.632306946837858
0.43870967741935485,-16.781963413380836
0.440694789081886,-16.93202195101976
0.4426799007444169,-17.082499585709268
0.444665012406948,-17.23341308411114
0.4466501240694791,-17.384778910511972
0.44863523573201003,-17.53661318408505
0.45062034739454115,-17.688931636561236
0.45260545905707206,-17.841749570371594
0.4545905707196032,-17.995081817322664
0.4565756823821341,-18.14894269786395
0.458560794044665,-18.303345981006025
0.4605459057071961,-18.45830484494655
0.462531017369727,-18.613831838460644
0.46451612903225836,-18.769938843110953
0.46650124069478904,-18.926637036331694
0.4684863523573204,-19.083936855439664
0.47047146401985107,-19.241847962623755
0.4724565756823824,-19.400379210963116
0.4744416873449133,-19.559538611522612
0.47642679900744445,-19.719333301573123
0.47841191066997535,-19.879769513983085
0.48039702233250625,-20.04085254782646
0.4823821339950374,-20.202586740250755
0.4843672456575683,-20.36497543964688
0.4863523573200994,-20.528020980160527
0.4883374689826303,-20.691724657582895
0.49032258064516143,-20.856086706656452
0.49230769230769256,-21.021106279829446
0.49429280397022346,-21.186781427490825
0.4962779156327546,-21.35310907971514
0.4982630272952855,-21.520085029544646
0.5002481389578164,-21.687703917833478
0.5022332506203475,-21.855959219676503
0.5042183622828784,-22.024843232443242
0.5062034739454095,-22.19434706543541
0.5081885856079404,-22.364460631185
0.5101736972704718,-22.535172638408383
0.5121588089330025,-22.70647058663044
0.5141439205955338,-22.87834076249112
0.5161290322580645,-23.05076823774461
0.5181141439205958,-23.223736868958465
0.5200992555831268,-23.397229298916365
0.5220843672456577,-23.57122695972414
0.5240694789081888,-23.74571007761413
0.5260545905707197,-23.920657679438655
0.5280397022332508,-24.096047600839228
0.5300248138957817,-24.27185649607491
0.5320099255583128,-24.448059849490676
0.5339950372208437,-24.62463198860461
0.5359801488833749,-24.801546098791345
0.537965260545906,-24.978774239537767
0.5399503722084369,-25.156287362245795
0.5419354838709678,-25.334055329555742
0.5439205955334989,-25.512046936162065
0.5459057071960298,-25.69022993109187
0.5478908188585611,-25.868571041414732
0.5498759305210918,-26.047035997350804
0.5518610421836231,-26.22558955874232
0.5538461538461539,-26.40419554285201
0.5558312655086851,-26.582816853450026
0.557816377171216,-26.76141551114957
0.559801488833747,-26.939952684949844
0.561786600496278,-27.118388724943856
0.5637717121588091,-27.2966831961476
0.5657568238213401,-27.47479491340664
0.5677419354838711,-27.65268197733525
0.5697270471464021,-27.83030181124313
0.5717121588089331,-28.007611199004565
0.5736972704714642,-28.184566323824782
0.5756823821339953,-28.36112280785818
0.5776674937965263,-28.53723575263274
0.5796526054590571,-28.712859780234734
0.5816377171215883,-28.887949075207374
0.5836228287841191,-29.06245742711654
0.5856079404466503,-29.236338273736706
0.5875930521091812,-29.409544744810056
0.5895781637717123,-29.58202970633208
0.5915632754342433,-29.75374580531686
0.5935483870967745,-29.924645514994957
0.5955334987593053,-30.094681180395963
0.5975186104218365,-30.263805064267192
0.5995037220843673,-30.43196939327923
0.6014888337468983,-30.599126404468656
0.6034739454094294,-30.765228391867748
0.6054590570719605,-30.930227753270174
0.6074441687344915,-31.09407703708081
0.6094292803970225,-31.256728989196557
0.6114143920595535,-31.418136599863626
0.6133995037220845,-31.57825315045498
0.6153846153846155,-31.737032260109714
0.6173697270471465,-31.89442793217397
0.6193548387096776,-32.05039460038084
0.6213399503722085,-32.20488717470435
0.6233250620347397,-32.357861086820726
0.6253101736972705,-32.509272335108186
0.6272952853598017,-32.65907752911455
0.6292803970223325,-32.807233933420235
0.6312655086848638,-32.95369951082322
0.6332506203473947,-33.098432964771945
0.6352357320099258,-33.241393780972544
0.6372208436724567,-33.38254226809808
0.6392059553349879,-33.52183959752947
0.6411910669975187,-33.65924784206091
0.6431761786600497,-33.794730013505884
0.6451612903225807,-33.92825009914441
0.6471464019851118,-34.05977309695576
0.6491315136476429,-34.18926504958491
0.6511166253101739,-34.31669307699403
0.6531017369727049,-34.44202540775355
0.6550868486352359,-34.56523140893022
0.6570719602977669,-34.68628161453245
0.659057071960298,-34.805147752476365
0.661042183622829,-34.9218027700391
0.6630272952853599,-35.03622085776896
0.665012406947891,-35.14837747182511
0.6669975186104219,-35.25824935472259
0.6689826302729531,-35.36581455446173
0.6709677419354839,-35.47105244202449
0.6729528535980152,-35.57394372722343
0.674937965260546,-35.67447047289233
0.6769230769230772,-35.77261610741043
0.6789081885856081,-35.86836543555514
0.6808933002481392,-35.9617046476804
0.6828784119106701,-36.05262132721999
0.6848635235732011,-36.141104456517546
0.6868486352357321,-36.22714442098694
0.6888337468982632,-36.31073301160891
0.6908188585607942,-36.391863425771824
0.6928039702233252,-36.47053026646646
0.6947890818858563,-36.54672953984676
0.6967741935483873,-36.62045865117048
0.6987593052109183,-36.69171639913558
0.7007444168734493,-36.76050296862989
0.7027295285359804,-36.82681992191345
0.7047146401985113,-36.8906701882546
0.7066997518610424,-36.95205805204291
0.7086848635235733,-37.01098913940318
0.7106699751861044,-37.06747040333702
0.7126550868486353,-37.12151010741954
0.7146401985111666,-37.17311780808066
0.7166253101736973,-37.22230433550197
0.7186104218362286,-37.269081773162
0.7205955334987594,-37.31346343606519
0.7225806451612905,-37.35546384769218
0.7245657568238215,-37.39509871571249
0.7265508684863525,-37.43238490650341
0.7285359801488835,-37.46734041852158
0.7305210918114146,-37.49998435457615
0.7325062034739456,-37.53033689305402
0.7344913151364766,-37.55841925814978
0.7364764267990076,-37.58425368915442
0.7384615384615386,-37.607863408859
0.7404466501240697,-37.629272591131574
0.7424317617866005,-37.64850632772816
0.7444168734491318,-37.66559059440065
0.7464019851116626,-37.6805522163675
0.7483870967741938,-37.69341883321443
0.7503722084367247,-37.704218863293505
0.7523573200992557,-37.71298146768876
0.7543424317617868,-37.719736513815306
0.7563275434243178,-37.72451453871718
0.7583126550868489,-37.72734671212755
0.7602977667493799,-37.72826479935247
0.7622828784119108,-37.727301124037844
0.7642679900744418,-37.72448853087719
0.7662531017369728,-37.719860348316246
0.7682382133995038,-37.71345035130877
0.770223325062035,-37.70529272417647
0.772208436724566,-37.69542202362455
0.774193548387097,-37.6838731419629
0.776178660049628,-37.67068127058145
0.778163771712159,-37.655881863726336
0.78014888337469,-37.63951060262143
0.782133995037221,-37.621603359977314
0.784119106699752,-37.60219616492715
0.7861042183622831,-37.58132516842539
0.7880893300248141,-37.55902660914217
0.7900744416873451,-37.535336779882776
0.7920595533498761,-37.51029199455787
0.794044665012407,-37.483928555727324
0.796029776674938,-37.45628272273699
0.7980148883374691,-37.4273906804653
0.8000000000000002,-37.39728850869486
0.8019851116625312,-37.36601215212281
0.8039702233250622,-37.33359739102391
0.8059553349875932,-37.300079812579874
0.8079404466501242,-37.265494782889164
0.8099255583126552,-37.22987741967147
0.8119106699751862,-37.19326256568176
0.8138957816377173,-37.15568476284926
0.8158808933002484,-37.11717822715691
0.8178660049627794,-37.0777768242776
0.8198511166253104,-37.03751404598307
0.8218362282878414,-36.9964229873414
0.8238213399503724,-36.95453632471789
0.8258064516129034,-36.91188629459323
0.8277915632754345,-36.86850467321083
0.8297766749379655,-36.824422757064305
0.8317617866004965,-36.77967134423383
0.8337468982630274,-36.73428071657863
0.8357320099255584,-36.68828062279113
0.8377171215880894,-36.64170026231666
0.8397022332506204,-36.594568270140535
0.8416873449131514,-36.54691270244295
0.8436724565756826,-36.49876102312046
0.8456575682382136,-36.450140091171484
0.8476426799007446,-36.401076148942494
0.8496277915632756,-36.35159481123053
0.8516129032258066,-36.30172105523716
0.8535980148883376,-36.251479211368036
0.8555831265508687,-36.20089295487135
0.8575682382133997,-36.14998529830768
0.8595533498759307,-36.098778584842194
0.8615384615384618,-36.04729448234863
0.8635235732009928,-35.995553978313026
0.8655086848635238,-35.9435773755228
0.8674937965260549,-35.8913842885258
0.8694789081885859,-35.838993640841764
0.8714640198511169,-35.78642366290771
0.8734491315136479,-35.733691890737354
0.8754342431761788,-35.6808151652741
0.8774193548387098,-35.62780963241643
0.8794044665012408,-35.574690743695136
0.8813895781637718,-35.521473257582606
0.8833746898263029,-35.468171241416336
0.8853598014888339,-35.41479807392061
0.8873449131513649,-35.36136644831213
0.889330024813896,-35.30788837597751
0.891315136476427,-35.25437519071228
0.893300248138958,-35.200837553513054
0.895285359801489,-35.14728545791618
0.8972704714640201,-35.093728235878274
0.8992555831265511,-35.04017456419569
0.9012406947890821,-34.986632471461824
0.9032258064516131,-34.93310934556272
0.9052109181141441,-34.879611941712525
0.9071960297766752,-34.82614639103069
0.9091811414392063,-34.772718209662074
0.9111662531017373,-34.719332308439704
0.9131513647642683,-34.66599300308827
0.9151364764267991,-34.61270402496443
0.9171215880893301,-34.55946853232861
0.9191066997518612,-34.50628912214106
0.9210918114143922,-34.45316784237383
0.9230769230769232,-34.40010620482868
0.9250620347394543,-34.347105198449874
0.9270471464019853,-34.29416530311945
0.9290322580645163,-34.24128650392165
0.9310173697270473,-34.18846830586219
0.9330024813895783,-34.13570974902712
0.9349875930521094,-34.083009424165375
0.9369727047146404,-34.03036548867788
0.9389578163771715,-33.977775682995514
0.9409429280397025,-33.925237347326885
0.9429280397022335,-33.87274743875594
0.9449131513647645,-33.820302548667854
0.9468982630272955,-33.767898920480384
0.9488833746898265,-33.71553246765586
0.9508684863523575,-33.663198791967545
0.9528535980148887,-33.61089320199201
0.9548387096774197,-33.55861073179764
0.9568238213399505,-33.50634615979777
0.9588089330024815,-33.45409402773623
0.9607940446650125,-33.401848659772654
0.9627791563275435,-33.349604181635314
0.9647642679900746,-33.29735453980963
0.9667493796526057,-33.245093520731004
0.9687344913151367,-33.19281476995124
0.9707196029776677,-33.14051181124835
0.9727047146401987,-33.08817806564994
0.9746898263027297,-33.03580687034125
0.9766749379652607,-32.98339149742975
0.9786600496277917,-32.93092517253919
0.9806451612903228,-32.878401093207316
0.9826302729528539,-32.825812447063036
0.9846153846153849,-32.773152429760366
0.9866004962779159,-32.720414262648106
0.9885856079404469,-32.66759121015581
0.9905707196029779,-32.61467659687798
0.992555831265509,-32.56166382433958
0.99454094292804,-32.50854638742693
0.9965260545905709,-32.45531789046829
0.9985111662531019,-32.401972062949376
1.0004962779156328,-32.34850277484902
1.002481389578164,-32.29490405158039
1.004466501240695,-32.24117008852382
1.006451612903226,-32.18729526513711
1.0084367245657568,-32.133274158629554
1.010421836228288,-32.07910155718622
1.012406947890819,-32.024772472728976
1.0143920595533502,-31.970282153200994
1.0163771712158811,-31.915626094361677
1.018362282878412,-31.860800051078957
1.0203473945409431,-31.805800048106068
1.0223325062034743,-31.750622390330008
1.0243176178660052,-31.695263672479182
1.026302729528536,-31.639720788277838
1.0282878411910672,-31.58399093903508
1.0302729528535983,-31.52807164165642
1.0322580645161294,-31.471960736065682
1.0342431761786604,-31.415656392025227
1.0362282878411913,-31.359157115342803
1.0382133995037224,-31.302461753454054
1.0401985111662533,-31.245569500371307
1.0421836228287842,-31.188479900991332
1.0441687344913153,-31.131192854757355
1.0461538461538464,-31.073708618673166
1.0481389578163773,-31.016027809669907
1.0501240694789082,-30.958151406328323
1.0521091811414394,-30.900080749961756
1.0540942928039705,-30.841817545067183
1.0560794044665014,-30.783363859153837
1.0580645161290325,-30.724722121961086
1.0600496277915634,-30.66589512407917
1.0620347394540945,-30.606886014988255
1.0640198511166257,-30.54769830053211
1.0660049627791566,-30.488335839843085
1.0679900744416875,-30.428802841734615
1.0699751861042186,-30.369103860576907
1.0719602977667497,-30.309243791670973
1.0739454094292806,-30.24922786613586
1.0759305210918118,-30.18906164532342
1.0779156327543427,-30.128751014774704
1.0799007444168736,-30.068302177731713
1.0818858560794047,-30.007721648217963
1.0838709677419356,-29.94701624370076
1.0858560794044667,-29.886193077347915
1.0878411910669976,-29.82525954989105
1.0898263027295287,-29.764223341107353
1.0918114143920596,-29.70309240093122
1.0937965260545908,-29.64187494020672
1.095781637717122,-29.58057942109144
1.0977667493796528,-29.519214547121848
1.099751861042184,-29.457789252949773
1.1017369727047148,-29.396312693759207
1.103722084367246,-29.334794234372154
1.1057071960297769,-29.27324343805171
1.107692307692308,-29.21167005501008
1.1096774193548389,-29.150084010628852
1.11166253101737,-29.08849539339814
1.1136476426799011,-29.02691444258119
1.115632754342432,-28.965351535610917
1.1176178660049632,-28.903817175225168
1.119602977667494,-28.84232197634807
1.121588089330025,-28.780876652725464
1.1235732009925559,-28.719492003322973
1.125558312655087,-28.658178898495976
1.1275434243176181,-28.596948265941386
1.129528535980149,-28.535811076442332
1.1315136476426801,-28.474778329417934
1.133498759305211,-28.413861038291795
1.1354838709677422,-28.35307021569411
1.1374689826302733,-28.292416858513327
1.1394540942928042,-28.23191193281379
1.141439205955335,-28.171566358636078
1.1434243176178662,-28.111390994696652
1.1454094292803974,-28.051396623003434
1.1473945409429283,-27.991593933403724
1.1493796526054594,-27.931993508081014
1.1513647642679903,-27.872605806017056
1.1533498759305214,-27.813441147435793
1.1553349875930525,-27.75450969824612
1.1573200992555834,-27.695821454501026
1.1593052109181143,-27.63738622689156
1.1612903225806452,-27.579213625295356
1.1632754342431764,-27.52131304340083
1.1652605459057073,-27.463693643430016
1.1672456575682384,-27.406364340984464
1.1692307692307695,-27.349333790040436
1.1712158808933004,-27.292610368121217
1.1732009925558315,-27.236202161676303
1.1751861042183624,-27.18011695169913
1.1771712158808936,-27.124362199617078
1.1791563275434245,-27.068945033489413
1.1811414392059556,-27.01387223455056
1.1831265508684865,-26.959150224137776
1.1851116625310176,-26.904785051043813
1.1870967741935488,-26.850782379336685
1.1890818858560797,-26.797147476689858
1.1910669975186108,-26.74388520326705
1.1930521091811417,-26.691000001205634
1.1950372208436728,-26.63849588474137
1.1970223325062037,-26.586376431014997
1.1990074441687348,-26.534644771598064
1.2009925558312657,-26.48330358477239
1.2029776674937966,-26.43235508859395
1.2049627791563278,-26.381801034768333
1.2069478908188587,-26.331642703361226
1.2089330024813898,-26.281880898363596
1.210918114143921,-26.23251594412751
1.2129032258064518,-26.183547682685067
1.2148883374689827,-26.134975471959756
1.2168734491315139,-26.086798184876233
1.218858560794045,-26.039014209371448
1.2208436724565759,-25.991621449306653
1.222828784119107,-25.94461732627675
1.224813895781638,-25.897998782310054
1.226799007444169,-25.851762283448753
1.2287841191067002,-25.80590382419732
1.230769230769231,-25.760418932823857
1.232754342431762,-25.715302677497494
1.234739454094293,-25.670549673243976
1.2367245657568242,-25.626154089701057
1.2387096774193551,-25.582109659655252
1.240694789081886,-25.538409688341584
1.2426799007444171,-25.49504706348806
1.244665012406948,-25.452014266086277
1.2466501240694792,-25.409303381869233
1.24863523573201,-25.366906113476556
1.2506203473945412,-25.324813793286133
1.252605459057072,-25.28301739688944
1.2545905707196032,-25.241507557186008
1.2565756823821341,-25.200274579070705
1.2585607940446653,-25.159308454686215
1.2605459057071964,-25.118598879211504
1.2625310173697273,-25.0781352671561
1.2645161290322584,-25.037906769128753
1.2665012406947893,-24.997902289048287
1.2684863523573204,-24.958110501763485
1.2704714640198513,-24.918519871048517
1.2724565756823825,-24.87911866793989
1.2744416873449134,-24.839894989381403
1.2764267990074445,-24.80083677714372
1.2784119106699756,-24.761931836985482
1.2803970223325065,-24.723167858023064
1.2823821339950374,-24.684532432275734
1.2843672456575685,-24.646013074352624
1.2863523573200994,-24.607597241247625
1.2883374689826304,-24.569272352208305
1.2903225806451615,-24.53102580864529
1.2923076923076926,-24.492845014049376
1.2942928039702235,-24.45471739388462
1.2962779156327546,-24.416630415426688
1.2982630272952855,-24.378571607516758
1.3002481389578167,-24.340528580202008
1.3022332506203476,-24.302489044234424
1.3042183622828787,-24.264440830399984
1.3062034739454096,-24.22637190865061
1.3081885856079407,-24.188270407011306
1.3101736972704718,-24.150124630234874
1.3121588089330027,-24.111923078176616
1.3141439205955339,-24.07365446386165
1.3161290322580648,-24.035307731217912
1.318114143920596,-23.99687207244883
1.3200992555831268,-23.958336945020672
1.3220843672456577,-23.91969208824055
1.3240694789081888,-23.880927539402464
1.3260545905707197,-23.842033649479774
1.3280397022332509,-23.80300109834363
1.3300248138957818,-23.763820909488228
1.3320099255583129,-23.724484464244945
1.333995037220844,-23.68498351546914
1.335980148883375,-23.645310200685213
1.337965260545906,-23.60545705467762
1.339950372208437,-23.565417021517582
1.341935483870968,-23.525183466017364
1.343920595533499,-23.4847501846058
1.34590570719603,-23.444111415620384
1.347890818858561,-23.403261849012313
1.3498759305210921,-23.362196635461387
1.3518610421836232,-23.320911394898083
1.3538461538461541,-23.27940222443063
1.3558312655086853,-23.2376657056758
1.3578163771712162,-23.195698911493192
1.3598014888337473,-23.15349941212394
1.3617866004962782,-23.111065280735723
1.363771712158809,-23.06839509837716
1.3657568238213402,-23.025487958345668
1.3677419354838711,-22.982343469974083
1.3697270471464023,-22.93896176184218
1.3717121588089332,-22.895343484419932
1.3736972704714643,-22.851489812149293
1.3756823821339952,-22.807402444970695
1.3776674937965263,-22.763083609299805
1.3796526054590572,-22.718536058459325
1.3816377171215883,-22.673763072569972
1.3836228287841195,-22.62876845790437
1.3856079404466504,-22.583556545706962
1.3875930521091815,-22.53813219048275
1.3895781637717124,-22.492500767757
1.3915632754342435,-22.446668171307323
1.3935483870967744,-22.400640809868502
1.3955334987593055,-22.354425603309437
1.3975186104218364,-22.308029978279958
1.3995037220843676,-22.261461863323976
1.4014888337468987,-22.21472968345373
1.4034739454094294,-22.16784235417835
1.4054590570719605,-22.120809274978765
1.4074441687344916,-22.07364032221959
1.4094292803970225,-22.026345841487736
1.4114143920595537,-21.97893663934687
1.4133995037220846,-21.93142397449684
1.4153846153846157,-21.883819548327505
1.4173697270471466,-21.836135494857064
1.4193548387096777,-21.788384370045698
1.4213399503722086,-21.740579140476097
1.4233250620347397,-21.692733171393318
1.4253101736972709,-21.644860214097214
1.4272952853598018,-21.596974392681823
1.429280397022333,-21.54909019011702
1.4312655086848638,-21.501222433668737
1.433250620347395,-21.45338627965477
1.4352357320099258,-21.405597197533858
1.437220843672457,-21.35787095332625
1.4392059553349879,-21.3102235923645
1.441191066997519,-21.26267142137414
1.44317617866005,-21.215230989884965
1.4451612903225808,-21.167919070975632
1.447146401985112,-21.1207526413566
1.4491315136476428,-21.07374886079942
1.451116625310174,-21.02692505092365
1.4531017369727048,-20.980298673355833
1.455086848635236,-20.93388730727836
1.457071960297767,-20.887708626389244
1.459057071960298,-20.84178037529701
1.4610421836228291,-20.796120345378263
1.46302729528536,-20.750746350128438
1.4650124069478911,-20.705676200039587
1.466997518610422,-20.66092767704212
1.4689826302729532,-20.616518508550406
1.470967741935484,-20.572466341155316
1.4729528535980152,-20.528788714009643
1.4749379652605463,-20.4855030319552
1.4769230769230772,-20.442626538442912
1.4789081885856084,-20.400176288299633
1.4808933002481393,-20.358169120397715
1.4828784119106704,-20.316621630285383
1.4848635235732013,-20.275550142837876
1.4868486352357322,-20.234970684990948
1.4888337468982633,-20.19489895861998
1.4908188585607942,-20.155350313629533
1.4928039702233253,-20.11633972131965
1.4947890818858562,-20.07788174809682
1.4967741935483874,-20.039990529599173
1.4987593052109183,-20.00267974530717
1.5007444168734494,-19.96596259371263
1.5027295285359805,-19.929851768119956
1.5047146401985114,-19.89435943315368
1.5066997518610425,-19.859497202046395
1.5086848635235734,-19.825276114780394
1.5106699751861046,-19.79170661715575
1.5126550868486355,-19.75879854085657
1.5146401985111666,-19.726561084586116
1.5166253101736975,-19.695002796339967
1.5186104218362286,-19.664131556884964
1.5205955334987598,-19.633954564509544
1.5225806451612907,-19.60447832110875
1.5245657568238216,-19.575708619663914
1.5265508684863525,-19.547650533172718
1.5285359801488836,-19.520308405080282
1.5305210918114147,-19.49368584125642
1.5325062034739456,-19.46778570355858
1.5344913151364767,-19.442610105014687
1.5364764267990076,-19.418160406654497
1.5384615384615388,-19.394437216012854
1.5404466501240697,-19.37144038732282
1.5424317617866008,-19.349169023411438
1.5444168734491317,-19.327621479305765
1.5464019851116628,-19.306795367551594
1.548387096774194,-19.28668756524177
1.5503722084367249,-19.26729422274514
1.552357320099256,-19.248610774120483
1.5543424317617869,-19.230631949192663
1.556327543424318,-19.213351787260855
1.558312655086849,-19.196763652401263
1.56029776674938,-19.18086025031945
1.562282878411911,-19.16563364670079
1.564267990074442,-19.15107528700152
1.566253101736973,-19.137176017618486
1.5682382133995039,-19.123926108372327
1.570223325062035,-19.11131527623631
1.572208436724566,-19.09933271024014
1.574193548387097,-19.087967097474905
1.5761786600496281,-19.077206650121845
1.578163771712159,-19.067039133424245
1.5801488833746902,-19.05745189451891
1.582133995037221,-19.048431892041133
1.5841191066997522,-19.03996572641518
1.586104218362283,-19.032039670740577
1.588089330024814,-19.024639702183688
1.5900744416873451,-19.01775153378342
1.592059553349876,-19.01136064658032
1.5940446650124074,-19.005452321979195
1.596029776674938,-19.00001167425723
1.5980148883374694,-18.995023683131503
1.6,-18.9904732263019
1.6019851116625314,-18.986345111887537
1.6039702233250623,-18.982624110676934
1.6059553349875935,-18.979294988114546
1.6079404466501244,-18.976342535948493
1.6099255583126555,-18.973751603466795
1.6119106699751864,-18.971507128252004
1.6138957816377175,-18.96959416638698
1.6158808933002484,-18.967997922047754
1.6178660049627795,-18.966703776422907
1.6198511166253104,-18.965697315902492
1.6218362282878416,-18.964964359482874
1.6238213399503725,-18.964490985337125
1.6258064516129036,-18.964263556503568
1.6277915632754345,-18.964268745647857
1.6297766749379654,-18.96449355885649
1.6317617866004965,-18.964925358421926
1.6337468982630274,-18.965551884581714
1.6357320099255586,-18.966361276176134
1.6377171215880895,-18.96734209019115
1.6397022332506208,-18.96848332015578
1.6416873449131515,-18.96977441336564
1.6436724565756828,-18.971205286907196
1.6456575682382135,-18.97276634246031
1.6476426799007449,-18.97444847985987
1.6496277915632755,-18.976243109400347
1.651612903225807,-18.978142162870476
1.6535980148883378,-18.980138103308487
1.655583126550869,-18.982223933472145
1.6575682382133998,-18.984393203022094
1.659553349875931,-18.986640014421607
1.6615384615384619,-18.988959027560373
1.663523573200993,-18.99134546311434
1.6655086848635239,-18.993795104657632
1.6674937965260548,-18.99630429954641
1.669478908188586,-18.998869958597872
1.6714640198511168,-19.001489554590908
1.673449131513648,-19.00416111961768
1.6754342431761788,-19.006883241317855
1.67741935483871,-19.009655058028738
1.6794044665012409,-19.012476252885886
1.681389578163772,-19.01534704690951
1.683374689826303,-19.018268191112963
1.685359801488834,-19.021240957670415
1.687344913151365,-19.024267130181777
1.6893300248138963,-19.027348993073588
1.691315136476427,-19.030489320175306
1.6933002481389583,-19.033691362510726
1.6952853598014892,-19.03695883534451
1.6972704714640203,-19.040295904523592
1.6992555831265512,-19.043707172152796
1.7012406947890824,-19.047197661643317
1.7032258064516133,-19.05077280217182
1.7052109181141444,-19.054438412586812
1.7071960297766753,-19.058200684797825
1.7091811414392062,-19.062066166681745
1.7111662531017373,-19.06604174453955
1.7131513647642682,-19.07013462513565
1.7151364764267993,-19.074352317351146
1.7171215880893302,-19.078702613481532
1.7191066997518614,-19.083193570208774
1.7210918114143923,-19.087833489277234
1.7230769230769234,-19.092630897902616
1.7250620347394543,-19.097594528943016
1.7270471464019854,-19.102733300860912
1.7290322580645163,-19.108056297504895
1.7310173697270477,-19.11357274774005
1.7330024813895784,-19.11929200495581
1.7349875930521097,-19.1252235264802
1.7369727047146404,-19.13137685292935
1.7389578163771717,-19.137761587521073
1.7409429280397024,-19.144387375381275
1.7429280397022338,-19.151263882871962
1.7449131513647647,-19.15840077696948
1.7468982630272958,-19.16580770472138
1.7488833746898267,-19.173494272809997
1.7508684863523576,-19.18147002725054
1.7528535980148887,-19.189744433251686
1.7548387096774196,-19.198326855266618
1.7568238213399507,-19.207226537262983
1.7588089330024816,-19.216452583240574
1.7607940446650128,-19.226013938026167
1.7627791563275437,-19.235919368375452
1.7647642679900748,-19.24617744441215
1.7667493796526057,-19.256796521434296
1.7687344913151368,-19.267784722116932
1.7707196029776677,-19.279149919139453
1.7727047146401989,-19.29089971826454
1.7746898263027298,-19.30304144189427
1.7766749379652609,-19.31558211312707
1.7786600496277918,-19.328528440337337
1.7806451612903231,-19.341886802297388
1.7826302729528538,-19.355663233859705
1.7846153846153852,-19.36986341221552
1.786600496277916,-19.38449264374477
1.7885856079404472,-19.399555851471472
1.790570719602978,-19.415057563137967
1.7925558312655088,-19.431001899911188
1.7945409429280401,-19.447392565733388
1.7965260545905708,-19.46423283732918
1.7985111662531021,-19.481525554879756
1.800496277915633,-19.499273113374098
1.8024813895781642,-19.517477454646215
1.804466501240695,-19.536140060106884
1.8064516129032262,-19.555261944178472
1.808436724565757,-19.574843648442187
1.8104218362282882,-19.594885236508144
1.8124069478908191,-19.61538628962008
1.8143920595533503,-19.636345903007985
1.8163771712158812,-19.657762683003376
1.8183622828784123,-19.679634744933317
1.8203473945409432,-19.701959711810343
1.8223325062034745,-19.724734713836337
1.8243176178660052,-19.74795638873834
1.8263027295285363,-19.771620882953556
1.8282878411910672,-19.795723853679423
1.8302729528535981,-19.82026047180264
1.8322580645161293,-19.84522542571881
1.8342431761786602,-19.87061292605158
1.8362282878411915,-19.896416711277066
1.8382133995037222,-19.922630054255652
1.8401985111662535,-19.9492457696693
1.8421836228287845,-19.976256222357804
1.8441687344913156,-20.003653336542815
1.8461538461538463,-20.031428605923363
1.8481389578163776,-20.059573104621563
1.8501240694789085,-20.088077498952316
1.8521091811414396,-20.116932059986066
1.8540942928039705,-20.146126676869518
1.8560794044665017,-20.175650870865546
1.8580645161290326,-20.20549381007045
1.8600496277915637,-20.235644324764575
1.8620347394540946,-20.266090923350855
1.8640198511166257,-20.29682180883505
1.8660049627791566,-20.3278248958008
1.8679900744416877,-20.359087827832074
1.8699751861042186,-20.390597995334474
1.8719602977667495,-20.42234255370571
1.8739454094292807,-20.454308441803985
1.8759305210918116,-20.486482400661302
1.877915632754343,-20.51885099238704
1.8799007444168736,-20.55140061920573
1.8818858560794047,-20.584117542572294
1.8838709677419356,-20.616987902308292
1.885856079404467,-20.649997735703693
1.8878411910669977,-20.683132996530258
1.889826302729529,-20.716379573914207
1.89181141439206,-20.74972331101778
1.893796526054591,-20.783150023481422
1.895781637717122,-20.816645517580618
1.897766749379653,-20.85019560805401
1.899751861042184,-20.88378613556206
1.901736972704715,-20.917402983738782
1.903722084367246,-20.951032095802017
1.9057071960297771,-20.98465949069133
1.907692307692308,-21.018271278705566
1.9096774193548391,-21.051853676615345
1.91166253101737,-21.08539302222849
1.913647642679901,-21.118875788388525
1.915632754342432,-21.152288596388274
1.917617866004963,-21.185618228781795
1.919602977667494,-21.218851641579192
1.921588089330025,-21.251975975810268
1.9235732009925561,-21.284978568444537
1.925558312655087,-21.317846962657168
1.9275434243176184,-21.350568917432383
1.929528535980149,-21.383132416497844
1.9315136476426804,-21.415525676585457
1.9334987593052113,-21.44773715501582
1.9354838709677424,-21.47975555660517
1.9374689826302731,-21.511569839895404
1.9394540942928045,-21.54316922270925
1.9414392059553354,-21.57454318703452
1.9434243176178665,-21.60568148324312
1.9454094292803974,-21.636574133652225
1.9473945409429285,-21.667211435437085
1.9493796526054594,-21.697583962906858
1.9513647642679905,-21.72768256915695
1.9533498759305215,-21.757498387113376
1.9553349875930524,-21.787022829986935
1.9573200992555835,-21.816247591157598
1.9593052109181144,-21.8451646435124
1.9612903225806455,-21.873766238262977
1.9632754342431764,-21.90204490327187
1.9652605459057075,-21.929993440919493
1.9672456575682384,-21.957604925546146
1.9692307692307698,-21.984872700506177
1.9712158808933005,-22.01179037487323
1.9732009925558316,-22.03835181983688
1.9751861042183625,-22.064551164831244
1.9771712158808938,-22.090382793435737
1.9791563275434245,-22.11584133908729
1.9811414392059559,-22.14092168064233
1.9831265508684868,-22.165618937825865
1.985111662531018,-22.189928466604123
1.9870967741935486,-22.21384585451621
1.98908188585608,-22.237366915999523
1.9910669975186108,-22.260487687742685
1.9930521091811415,-22.28320442409913
1.9950372208436729,-22.305513592593478
1.9970223325062038,-22.327411869551977
1.9990074441687349,-22.348896135886754
2.0009925558312656,-22.36996347306221
2.0029776674937967,-22.390611159270094
2.004962779156328,-22.410836665838136
2.006947890818859,-22.430637653895477
2.00893300248139,-22.450011971316503
2.010918114143921,-22.468957649963098
2.012903225806452,-22.487472903243575
2.014888337468983,-22.50555612400466
2.016873449131514,-22.52320588277109
2.0188585607940452,-22.540420926345337
2.020843672456576,-22.55720017677783
2.022828784119107,-22.57354273071585
2.024813895781638,-22.589447859136882
2.0267990074441693,-22.6049150074697
2.0287841191067,-22.61994379610363
2.030769230769231,-22.634534021284022
2.0327543424317622,-22.648685656389482
2.034739454094293,-22.662398853584182
2.036724565756824,-22.67567394583621
2.038709677419355,-22.688511449290424
2.0406947890818863,-22.700912065981885
2.042679900744417,-22.712876686873198
2.0446650124069485,-22.724406395196507
2.046650124069479,-22.73550247007858
2.0486352357320103,-22.746166390424925
2.050620347394541,-22.756399839036977
2.052605459057072,-22.766204706934328
2.0545905707196033,-22.775583097852305
2.0565756823821344,-22.784537332883552
2.0585607940446655,-22.79306995523054
2.0605459057071966,-22.80118373503449
2.0625310173697273,-22.80888167424484
2.0645161290322585,-22.81616701149212
2.0665012406947896,-22.82304322692609
2.0684863523573207,-22.829514046980435
2.0704714640198514,-22.835583449024462
2.0724565756823825,-22.841255665861585
2.0744416873449136,-22.846535190033805
2.0764267990074443,-22.85142677789007
2.0784119106699754,-22.855935453375256
2.0803970223325066,-22.860066511495386
2.0823821339950377,-22.863825521413393
2.0843672456575684,-22.867218329129386
2.0863523573200995,-22.870251059699715
2.0883374689826306,-22.872930118950244
2.0903225806451617,-22.8752621946413
2.0923076923076924,-22.877254257043862
2.094292803970224,-22.878913558889142
2.0962779156327547,-22.880247634656318
2.098263027295286,-22.881264299165508
2.1002481389578165,-22.881971645445976
2.102233250620348,-22.882378041852103
2.1042183622828787,-22.882492128403296
2.10620347394541,-22.88232281232813
2.108188585607941,-22.881879262797852
2.110173697270472,-22.881170904839582
2.112158808933003,-22.88020741242497
2.1141439205955335,-22.878998700735114
2.116129032258065,-22.87755491760766
2.1181141439205957,-22.875886434176348
2.120099255583127,-22.874003834717126
2.122084367245658,-22.87191790571784
2.124069478908189,-22.869639624190764
2.1260545905707198,-22.867180145249463
2.128039702233251,-22.86455078897364
2.130024813895782,-22.861763026587948
2.132009925558313,-22.858828465983407
2.133995037220844,-22.85575883661289
2.135980148883375,-22.852565973794622
2.137965260545906,-22.849261802460145
2.139950372208437,-22.845858320384846
2.1419354838709683,-22.842367580940778
2.1439205955334995,-22.838801675412586
2.14590570719603,-22.8351727149183
2.1478908188585613,-22.831492811977544
2.149875930521092,-22.827774061770562
2.1518610421836235,-22.82402852313248
2.153846153846154,-22.820268199328428
2.1558312655086853,-22.816505018656432
2.1578163771712164,-22.812750814926616
2.159801488833747,-22.809017307865993
2.1617866004962782,-22.805316083498017
2.163771712158809,-22.801658574544973
2.1657568238213405,-22.798056040899432
2.167741935483871,-22.794519550209795
2.1697270471464023,-22.79105995862448
2.1717121588089334,-22.787687891739516
2.1736972704714645,-22.78441372579495
2.1756823821339952,-22.781247569165977
2.177667493796527,-22.778199244194877
2.1796526054590575,-22.775278269409135
2.1816377171215886,-22.772493842169833
2.1836228287841193,-22.76985482179294
2.1856079404466504,-22.767369713184305
2.1875930521091815,-22.765046651027493
2.1895781637717127,-22.762893384561597
2.191563275434244,-22.760917262984215
2.193548387096775,-22.759125221512836
2.1955334987593056,-22.757523768135602
2.1975186104218363,-22.756118971080316
2.1995037220843674,-22.75491644702845
2.2014888337468985,-22.75392135009863
2.2034739454094296,-22.753138361621918
2.2054590570719608,-22.75257168072913
2.207444168734492,-22.752225015767802
2.2094292803970226,-22.75210157656403
2.2114143920595537,-22.75220406754164
2.2133995037220844,-22.752534681708624
2.215384615384616,-22.753095095518454
2.2173697270471466,-22.75388646461163
2.2193548387096778,-22.75490942044078
2.221339950372209,-22.756164067780936
2.22332506203474,-22.757649983124985
2.2253101736972707,-22.759366213962245
2.2272952853598023,-22.761311278936326
2.229280397022333,-22.763483168875926
2.231265508684864,-22.765879348689943
2.2332506203473947,-22.768496760115536
2.235235732009926,-22.77133182530504
2.237220843672457,-22.774380451234475
2.2392059553349877,-22.777638034913103
2.2411910669975192,-22.78109946936995
2.24317617866005,-22.78475915038967
2.245161290322581,-22.788610983966784
2.2471464019851117,-22.792648394444562
2.249131513647643,-22.796864333303606
2.251116625310174,-22.801251288565155
2.253101736972705,-22.805801294775737
2.2550868486352362,-22.81050594354246
2.2570719602977674,-22.815356394591554
2.259057071960298,-22.82034338732639
2.261042183622829,-22.825457252865196
2.2630272952853603,-22.830687926542204
2.2650124069478914,-22.836024960859355
2.266997518610422,-22.84145753887804
2.268982630272953,-22.846974488041614
2.2709677419354843,-22.852564294419746
2.2729528535980155,-22.85821511736568
2.274937965260546,-22.863914804576773
2.2769230769230773,-22.869650907548035
2.2789081885856084,-22.875410697407396
2.280893300248139,-22.8811811811203
2.28287841191067,-22.88694911805006
2.2848635235732013,-22.892701036859023
2.2868486352357325,-22.89842325273433
2.288833746898263,-22.904101884920482
2.2908188585607947,-22.909722874539508
2.2928039702233254,-22.915272002678073
2.2947890818858565,-22.920734908719627
2.296774193548387,-22.926097108898364
2.2987593052109188,-22.931344015050566
2.3007444168734494,-22.936460953537683
2.3027295285359806,-22.941433184314555
2.3047146401985117,-22.94624592011506
2.306699751861043,-22.95088434572656
2.3086848635235735,-22.955333637323644
2.3106699751861046,-22.95957898183082
2.3126550868486357,-22.96360559628311
2.314640198511167,-22.96739874715284
2.3166253101736975,-22.970943769610418
2.3186104218362287,-22.974226086686414
2.32059553349876,-22.97723122830203
2.3225806451612905,-22.979944850135126
2.3245657568238216,-22.98235275228938
2.3265508684863527,-22.984440897735226
2.328535980148884,-22.986195430492494
2.3305210918114145,-22.98760269352605
2.3325062034739457,-22.988649246327235
2.334491315136477,-22.98932188215503
2.336476426799008,-22.98960764491227
2.338461538461539,-22.98949384563332
2.34044665012407,-22.988968078560575
2.342431761786601,-22.9880182367883
2.344416873449132,-22.986632527453054
2.3464019851116626,-22.984799486450754
2.348387096774194,-22.982507992661134
2.350372208436725,-22.979747281660853
2.352357320099256,-22.976506958907066
2.354342431761787,-22.972777012373882
2.3563275434243183,-22.968547824624896
2.358312655086849,-22.96381018430559
2.3602977667493796,-22.958555297039947
2.362282878411911,-22.952774795715925
2.364267990074442,-22.946460750144595
2.366253101736973,-22.93960567607781
2.368238213399504,-22.932202543569367
2.3702233250620353,-22.924244784665216
2.372208436724566,-22.915726300408824
2.3741935483870975,-22.90664146714886
2.376178660049628,-22.89698514213761
2.3781637717121593,-22.886752668409947
2.38014888337469,-22.875939878934258
2.382133995037221,-22.864543100028452
2.3841191066997522,-22.852559154035948
2.3861042183622834,-22.839985361258588
2.3880893300248145,-22.82681954114532
2.3900744416873456,-22.813060012737246
2.3920595533498763,-22.79870559437136
2.3940446650124074,-22.783755602646696
2.396029776674938,-22.768209850658256
2.3980148883374697,-22.752068645506167
2.4000000000000004,-22.735332785090204
2.4019851116625315,-22.71800355420317
2.4039702233250626,-22.70008271994042
2.4059553349875933,-22.68157252644639
2.4079404466501244,-22.66247568902293
2.409925558312655,-22.642795387627196
2.4119106699751867,-22.622535259789455
2.4138957816377173,-22.601699392981914
2.4158808933002485,-22.580292316469848
2.4178660049627796,-22.558318992675467
2.4198511166253107,-22.535784808083513
2.4218362282878414,-22.512695563716026
2.423821339950373,-22.48905746520162
2.4258064516129036,-22.464877112462535
2.4277915632754348,-22.440161489040626
2.4297766749379655,-22.41491795108095
2.4317617866004966,-22.38915421598961
2.4337468982630277,-22.362878350780537
2.435732009925559,-22.336098760124234
2.43771712158809,-22.308824174110004
2.4397022332506206,-22.281063635732156
2.4416873449131518,-22.252826488109534
2.4436724565756824,-22.22412236144697
2.4456575682382136,-22.1949611597463
2.4476426799007447,-22.165353047274028
2.449627791563276,-22.13530843479224
2.451612903225807,-22.10483796555899
2.453598014888338,-22.073952501104166
2.4555831265508687,-22.04266310678685
2.4575682382134,-22.010981037139945
2.459553349875931,-21.978917721007985
2.461538461538462,-21.94648474648399
2.463523573200993,-21.913693845651466
2.465508684863524,-21.880556879137906
2.467493796526055,-21.847085820486416
2.469478908188586,-21.813292740352512
2.471464019851117,-21.779189790533614
2.4734491315136484,-21.744789187839658
2.475434243176179,-21.71010319781431
2.4774193548387102,-21.675144118317377
2.479404466501241,-21.639924262980184
2.481389578163772,-21.604455944546828
2.483374689826303,-21.56875145811529
2.4853598014888343,-21.53282306429371
2.4873449131513654,-21.49668297228842
2.489330024813896,-21.46034332294194
2.491315136476427,-21.423816171740423
2.493300248138958,-21.387113471811613
2.4952853598014895,-21.350247056935668
2.49727047146402,-21.313228624592146
2.4992555831265513,-21.276069719067333
2.5012406947890824,-21.238781714646425
2.5032258064516135,-21.20137579891503
2.505210918114144,-21.16386295619408
2.5071960297766753,-21.12625395113162
2.5091811414392065,-21.088559312474178
2.5111662531017376,-21.0507893170396
2.5131513647642683,-21.012953973912403
2.5151364764267994,-20.975063008881882
2.5171215880893305,-20.937125849142557
2.5191066997518616,-20.8991516082758
2.5210918114143928,-20.861149071531216
2.5230769230769234,-20.823126681425574
2.5250620347394546,-20.785092523676795
2.5270471464019852,-20.74705431348971
2.5290322580645164,-20.709019382209718
2.5310173697270475,-20.67099466435967
2.5330024813895786,-20.6329866850744
2.5349875930521097,-20.595001547946186
2.536972704714641,-20.55704492329326
2.5389578163771716,-20.519122036862274
2.5409429280397027,-20.481237658975058
2.5429280397022334,-20.4433960941302
2.5449131513647645,-20.405601171070728
2.5468982630272956,-20.36785623333094
2.5488833746898267,-20.33016413027728
2.550868486352358,-20.292527208659838
2.552853598014889,-20.254947304692646
2.5548387096774197,-20.217425736681484
2.5568238213399512,-20.17996329821786
2.558808933002482,-20.142560251956954
2.560794044665013,-20.105216323996057
2.5627791563275437,-20.067930698868782
2.564764267990075,-20.030702015169155
2.566749379652606,-19.993528361818775
2.568734491315137,-19.95640727498932
2.570719602977668,-19.9193357356922
2.572704714640199,-19.882310168046367
2.57468982630273,-19.845326438234533
2.5766749379652607,-19.808379854157074
2.578660049627792,-19.771465165791707
2.580645161290323,-19.734576566265865
2.582630272952854,-19.697707693647438
2.584615384615385,-19.660851633458243
2.5866004962779163,-19.624000921913282
2.588585607940447,-19.587147549887444
2.590570719602978,-19.550282967609974
2.592555831265509,-19.51339809008541
2.5945409429280404,-19.476483303238066
2.596526054590571,-19.439528470775173
2.598511166253102,-19.40252294176186
2.6004962779156333,-19.36545555889911
2.602481389578164,-19.328314667494016
2.6044665012406956,-19.291088125109702
2.606451612903226,-19.253763311880608
2.6084367245657574,-19.216327141476835
2.610421836228288,-19.178766072699492
2.612406947890819,-19.14106612168722
2.6143920595533503,-19.103212874712842
2.6163771712158814,-19.065191501548465
2.6183622828784126,-19.02698676937737
2.6203473945409437,-18.988583057231203
2.6223325062034744,-18.94996437093128
2.6243176178660055,-18.911114358513053
2.626302729528536,-18.872016326112927
2.6282878411910673,-18.832653254296577
2.6302729528535984,-18.79300781480791
2.6322580645161295,-18.75306238771764
2.6342431761786607,-18.712799078950333
2.636228287841192,-18.67219973816882
2.6382133995037225,-18.63124597699471
2.640198511166254,-18.589919187543586
2.6421836228287843,-18.54820056125356
2.6441687344913154,-18.506071107985704
2.6461538461538465,-18.46351167537529
2.6481389578163776,-18.42050296841312
2.6501240694789088,-18.377025569237084
2.6521091811414395,-18.333059957114816
2.654094292803971,-18.288586528599453
2.6560794044665013,-18.243585617841575
2.658064516129033,-18.198037517041598
2.6600496277915635,-18.15192249702795
2.6620347394540946,-18.1052208279472
2.6640198511166258,-18.057912800052947
2.666004962779157,-18.009978744580586
2.667990074441688,-17.961399054695168
2.669975186104219,-17.912154206499306
2.67196029776675,-17.862224780087463
2.673945409429281,-17.811591480632107
2.6759305210918116,-17.760235159486324
2.6779156327543427,-17.708136835286727
2.679900744416874,-17.655277715039755
2.681885856079405,-17.601639215174206
2.683870967741936,-17.547202982542842
2.685856079404467,-17.491950915356934
2.687841191066998,-17.43586518403912
2.6898263027295286,-17.378928251982366
2.6918114143920597,-17.321122896205214
2.693796526054591,-17.262432227895967
2.695781637717122,-17.20283971284061
2.697766749379653,-17.142329191730568
2.6997518610421842,-17.080884900346792
2.701736972704715,-17.018491489616235
2.7037220843672465,-16.955134045535633
2.7057071960297767,-16.89079810895644
2.7076923076923083,-16.825469695223504
2.709677419354839,-16.759135313658813
2.71166253101737,-16.69178198688032
2.713647642679901,-16.623397269944714
2.7156327543424323,-16.55396926930159
2.7176178660049635,-16.483486661545236
2.7196029776674946,-16.411938711949023
2.7215880893300253,-16.33931529276598
2.7235732009925564,-16.265606901277934
2.725558312655087,-16.190804677574206
2.727543424317618,-16.11490042203954
2.7295285359801493,-16.037886612529512
2.7315136476426805,-15.959756421210406
2.7334987593052116,-15.880503731039049
2.7354838709677423,-15.800123151856818
2.7374689826302734,-15.718610036070608
2.739454094292804,-15.63596049389212
2.741439205955335,-15.552171408105272
2.7434243176178663,-15.467240448329772
2.7454094292803974,-15.381166084747138
2.7473945409429286,-15.293947601253405
2.7493796526054597,-15.205585108001017
2.7513647642679904,-15.116079553290392
2.753349875930522,-15.02543273477019
2.7553349875930526,-14.933647309904087
2.7573200992555837,-14.840726805661616
2.7593052109181144,-14.746675627391243
2.7612903225806456,-14.651499066835056
2.7632754342431767,-14.55520330924602
2.765260545905708,-14.457795439570404
2.767245657568239,-14.359283447659617
2.7692307692307696,-14.259676232477494
2.7712158808933007,-14.158983605270997
2.7732009925558314,-14.05721629167405
2.7751861042183625,-13.95438593271628
2.7771712158808937,-13.850505084710539
2.779156327543425,-13.745587217995476
2.781141439205956,-13.639646714511777
2.783126550868487,-13.53269886419343
2.7851116625310177,-13.424759860158025
2.787096774193549,-13.315846792682802
2.7890818858560795,-13.20597764195601
2.791066997518611,-13.095171269595998
2.7930521091811418,-12.983447408933317
2.795037220843673,-12.870826654054136
2.797022332506204,-12.75733044760605
2.799007444168735,-12.642981067370501
2.8009925558312663,-12.527801611608968
2.8029776674937974,-12.411815983193092
2.804962779156328,-12.295048872532014
2.8069478908188588,-12.177525739313252
2.80893300248139,-12.05927279307638
2.810918114143921,-11.940316972641549
2.812903225806452,-11.820685924417463
2.8148883374689833,-11.700407979615763
2.8168734491315144,-11.57951213040104
2.818858560794045,-11.458028005007954
2.820843672456576,-11.335985841859262
2.822828784119107,-11.213416462721069
2.824813895781638,-11.090351244934435
2.826799007444169,-10.966822092765815
2.8287841191067002,-10.84286140792264
2.8307692307692314,-10.718502059284706
2.8327543424317625,-10.593777351906676
2.834739454094293,-10.468720995351616
2.8367245657568247,-10.343367071419326
2.838709677419355,-10.217750001336118
2.8406947890818866,-10.0919045124742
2.8426799007444172,-9.965865604669357
2.8446650124069484,-9.83966851620554
2.8466501240694795,-9.71334868953465
2.84863523573201,-9.586941736799272
2.8506203473945417,-9.460483405225379
2.852605459057072,-9.334009542450975
2.8545905707196035,-9.207556061855518
2.856575682382134,-9.081158907953494
2.8585607940446653,-8.954854021914127
2.8605459057071965,-8.828677307267837
2.8625310173697276,-8.702664595858952
2.8645161290322587,-8.576851614103436
2.86650124069479,-8.45127394960968
2.8684863523573205,-8.325967018219442
2.8704714640198516,-8.200966031524542
2.8724565756823823,-8.07630596491286
2.8744416873449135,-7.95202152619454
2.8764267990074446,-7.828147124856295
2.8784119106699757,-7.70471684198842
2.880397022332507,-7.581764400925702
2.882382133995038,-7.459323138639962
2.8843672456575686,-7.337425977918639
2.8863523573201,-7.216105400360572
2.8883374689826304,-7.0953934202169595
2.8903225806451616,-6.97532155910234
2.8923076923076927,-6.855920821597427
2.894292803970224,-6.737221671762562
2.896277915632755,-6.619254010577687
2.8982630272952856,-6.50204715432192
2.900248138957817,-6.38562981390322
2.902233250620348,-6.27003007514619
2.904218362282879,-6.155275380043859
2.9062034739454097,-6.041392508977129
2.908188585607941,-5.928407563903473
2.910173697270472,-5.816345952514428
2.912158808933003,-5.7052323733594585
2.914143920595534,-5.595090801931843
2.9161290322580653,-5.485944477710431
2.918114143920596,-5.377815892149506
2.920099255583127,-5.270726777607555
2.922084367245658,-5.164698097204513
2.924069478908189,-5.059750035595882
2.92605459057072,-4.955901990650963
2.928039702233251,-4.8531725660214
2.9300248138957823,-4.751579564585238
2.932009925558313,-4.6511399827509
2.933995037220844,-4.5518700056049095
2.9359801488833748,-4.453785002886803
2.9379652605459063,-4.356899525774577
2.939950372208437,-4.261227304463989
2.941935483870968,-4.166781246524948
2.9439205955334993,-4.073573436017972
2.9459057071960304,-3.981615133353026
2.9478908188585615,-3.8909167758721668
2.9498759305210926,-3.801487979136299
2.9518610421836233,-3.7133375388953267
2.9538461538461545,-3.6264734337199864
2.955831265508685,-3.540902828272861
2.9578163771712163,-3.456632077195324
2.9598014888337474,-3.3736667295864926
2.9617866004962785,-3.29201153404954
2.9637717121588096,-3.2116704442800628
2.9657568238213408,-3.1326466251705023
2.9677419354838714,-3.054942459404115
2.969727047146402,-2.978559554511938
2.9717121588089332,-2.903498750366983
2.9736972704714644,-2.829760127091648
2.9756823821339955,-2.75734301335677
2.9776674937965266,-2.6862459950533357
2.9796526054590577,-2.616466924320006
2.9816377171215884,-2.5480029289109005
2.98362282878412,-2.4808504218886354
2.9856079404466502,-2.4150051116276616
2.987593052109182,-2.35046201211287
2.9895781637717125,-2.2872154535182707
2.9915632754342436,-2.225259093050425
2.9935483870967747,-2.164585926041151
2.995533498759306,-2.1051882972738696
2.997518610421837,-2.0470579125277997
2.999503722084368,-1.9901858503240324
3.001488833746899,-1.9345625738573038
3.00347394540943,-1.8801779430970784
3.0054590570719606,-1.8270212270413575
3.0074441687344917,-1.7750811161065585
3.009429280397023,-1.7243457346369495
3.011414392059554,-1.6748026535174947
3.013399503722085,-1.6264389028745339
3.0153846153846158,-1.5792409848493514
3.017369727047147,-1.5331948864302483
3.0193548387096776,-1.4882860923290822
3.0213399503722087,-1.444499597888378
3.02332506203474,-1.4018199220049865
3.025310173697271,-1.360231120055914
3.027295285359802,-1.319716796811486
3.029280397022333,-1.2802601193204939
3.031265508684864,-1.2418438297514622
3.0332506203473955,-1.2044502581736678
3.0352357320099257,-1.1680613352610543
3.0372208436724573,-1.1326586049017995
3.039205955334988,-1.0982232366961748
3.041191066997519,-1.0647360383257014
3.04317617866005,-1.0321774677776143
3.0451612903225813,-1.0005276454101808
3.0471464019851124,-0.9697663658461407
3.0491315136476427,-0.9398731096831862
3.0511166253101742,-0.9108270550118462
3.053101736972705,-0.8826070887324239
3.055086848635236,-0.855191817663786
3.057071960297767,-0.8285595794378617
3.0590570719602983,-0.8026884531746283
3.0610421836228294,-0.7775562699332624
3.0630272952853606,-0.7531406229360965
3.0650124069478912,-0.7294188775631854
3.0669975186104224,-0.7063681811166239
3.068982630272953,-0.6839654723552603
3.070967741935484,-0.6621874908020765
3.0729528535980153,-0.6410107858282253
3.0749379652605464,-0.6204117255194282
3.0769230769230775,-0.6003665053321001
3.0789081885856087,-0.5808511565481359
3.0808933002481393,-0.5618415545387132
3.082878411910671,-0.5433134268486838
3.084863523573201,-0.5252423611141215
3.0868486352357327,-0.507603812826399
3.0888337468982634,-0.49037311295684316
3.0908188585607945,-0.47352547545660545
3.0928039702233256,-0.45703600464683025
3.0947890818858563,-0.44087970251445247
3.096774193548388,-0.42503147592895
3.0987593052109186,-0.40946614379515833
3.1007444168734497,-0.39415844415689427
3.1027295285359804,-0.3790830412656912
3.1047146401985115,-0.36421453262844644
3.1066997518610426,-0.3495274560472915
3.1086848635235738,-0.33499629666468833
3.110669975186105,-0.3205954940268516
3.112655086848636,-0.3062994491791399
3.1146401985111667,-0.2920825318077899
3.116625310173698,-0.27791908744280663
3.1186104218362285,-0.26378344473652815
3.1205955334987596,-0.24964992283118162
3.1225806451612907,-0.23549283882681796
3.124565756823822,-0.2212865153586752
3.126550868486353,-0.20700528829046455
3.128535980148884,-0.1926235145273164
3.1305210918114152,-0.17811557994914384
3.132506203473946,-0.16345590746200894
3.1344913151364766,-0.14861896516183168
3.1364764267990077,-0.1335792746016375
3.138461538461539,-0.1183114191506922
3.14044665012407,-0.1027900524314408
3.142431761786601,-0.08698990681817613
3.144416873449132,-0.07088580197975262
3.1464019851116634,-0.05445265344733676
3.148387096774194,-0.037665481187047996
3.1503722084367247,-0.020499418156296474
3.152357320099256,-0.0029297188216336045
3.1543424317617874,0.015068232384932746
3.156327543424318,0.03351891269483407
3.158312655086849,0.05244665274105939
3.16029776674938,0.07187562842957805
3.1622828784119115,0.09182985296802969
3.1642679900744426,0.11233316907542719
3.1662531017369733,0.13340924139639473
3.168238213399504,0.15508154914329803
3.1702233250620355,0.17737337898954558
3.172208436724566,0.2003078182373451
3.1741935483870973,0.22390774828324464
3.1761786600496285,0.248195838404735
3.1781637717121596,0.2731945398907313
3.1801488833746907,0.2989260805375436
3.1821339950372214,0.32541245952992937
3.184119106699752,0.3526754427243674
3.186104218362284,0.38073655834936065
3.1880893300248148,0.4096170931357286
3.1900744416873454,0.43933808888861425
3.1920595533498766,0.46992033951225143
3.1940446650124077,0.5013843884982683
3.196029776674939,0.533750526888224
3.19801488833747,0.5670387917209758
3.2,0.6012689649752144
