-1991.511125760255,-0.3780926294786282
-1988.9493339925803,-0.3626563390731761
-1986.3875422249055,-0.34676949805585866
-1983.8257504572307,-0.3304377259990432
-1981.263958689556,-0.31366797276673136
-1978.7021669218811,-0.2964685142244753
-1976.1403751542064,-0.2788489461748983
-1973.5785833865316,-0.26082017652626605
-1971.0167916188568,-0.24239441570533543
-1968.454999851182,-0.2235851653293847
-1965.8932080835073,-0.20440720515582023
-1963.3314163158327,-0.18487657833102997
-1960.769624548158,-0.1650105749631933
-1958.2078327804832,-0.1448277140465119
-1955.6460410128084,-0.12434772376669687
-1953.0842492451336,-0.10359152021948122
-1950.5224574774588,-0.08258118457547842
-1947.960665709784,-0.06133993872602411
-1945.3988739421093,-0.03989211944588376
-1942.8370821744345,-0.018263151110005177
-1940.2752904067597,0.003520482997092707
-1937.713498639085,0.025431270739161804
-1935.1517068714102,0.047440702511492516
-1932.5899151037354,0.06951930390601581
-1930.0281233360606,0.09163666961279643
-1927.4663315683858,0.11376149851062035
-1924.904539800711,0.13586162989756287
-1922.3427480330363,0.15790408081064922
-1919.7809562653615,0.179855084381991
-1917.2191644976867,0.20168012917713424
-1914.657372730012,0.22334399945985714
-1912.0955809623374,0.2448108163263467
-1909.5337891946626,0.26604407965053883
-1906.9719974269879,0.28700671078131923
-1904.410205659313,0.30766109593108104
-1901.8484138916383,0.32796913019363977
-1899.2866221239635,0.3478922621276648
-1896.7248303562887,0.3673915388397893
-1894.163038588614,0.386427651499723
-1891.6012468209392,0.4049609812183004
-1889.0394550532644,0.42295164521860035
-1886.4776632855896,0.44035954323007
-1883.9158715179149,0.45714440403583584
-1881.35407975024,0.47326583210391376
-1878.7922879825653,0.4886833542336418
-1876.2304962148905,0.5033564661491604
-1873.6687044472158,0.5172446789719496
-1871.106912679541,0.5303075655042406
-1868.5451209118662,0.54250480625469
-1865.9833291441914,0.5537962351373389
-1863.4215373765169,0.5641418847749134
-1860.8597456088419,0.5735020313382587
-1858.2979538411673,0.5818372388554389
-1855.7361620734926,0.5891084029270285
-1853.1743703058178,0.5952767937884204
-1850.612578538143,0.600304098665267
-1848.0507867704682,0.6041524633739053
-1845.4889950027934,0.6067845331242913
-1842.9272032351187,0.6081634924883121
-1840.365411467444,0.6082531045011556
-1837.8036196997691,0.6070177488674757
-1835.2418279320943,0.6044224592471947
-1832.6800361644196,0.6004329595979718
-1830.1182443967448,0.5950156995529986
-1827.55645262907,0.5881378888141882
-1824.9946608613952,0.5797675305421326
-1822.4328690937205,0.5698734537253353
-1819.8710773260457,0.5584253445121404
-1817.309285558371,0.5453937764895066
-1814.7474937906961,0.5307502398933672
-1812.1857020230213,0.5144671697358238
-1809.6239102553468,0.49651797283484095
-1807.0621184876718,0.4768770537325323
-1804.5003267199972,0.4555198394886456
-1801.9385349523225,0.43242280333657074
-1799.3767431846477,0.40756348719009555
-1796.814951416973,0.3809205229900446
-1794.2531596492981,0.35247365288059457
-1791.6913678816234,0.3222037482052906
-1789.1295761139486,0.29009282731260333
-1786.5677843462738,0.25612407216037625
-1784.005992578599,0.2202818437077692
-1781.4442008109243,0.1825516960823374
-1778.8824090432495,0.14292038950873903
-1776.3206172755747,0.1013759019843705
-1773.7588255079,0.05790743968613193
-1771.1970337402252,0.012505446091654233
-1768.6352419725504,-0.03483839020226302
-1766.0734502048756,-0.08413112898153088
-1763.5116584372008,-0.1353785732544585
-1760.949866669526,-0.1885852654464012
-1758.3880749018513,-0.24375448496592186
-1755.8262831341767,-0.3008882471582319
-1753.2644913665017,-0.3599873036607581
-1750.7026995988272,-0.4210511441746487
-1748.1409078311524,-0.48407799966488774
-1745.5791160634776,-0.5490648470004055
-1743.0173242958028,-0.6160074150441535
-1740.455532528128,-0.6849001922015292
-1737.8937407604533,-0.7557364354337373
-1735.3319489927785,-0.8285081807405897
-1732.7701572251037,-0.9032062551148
-1730.208365457429,-0.9798202899669759
-1727.6465736897542,-1.0583387360173007
-1725.0847819220794,-1.138748879646379
-1722.5229901544046,-1.2210368606940065
-1719.9611983867298,-1.305187691690776
-1717.399406619055,-1.3911852785035503
-1714.8376148513803,-1.4790124423719968
-1712.2758230837055,-1.5686509433096238
-1709.7140313160307,-1.6600815048391346
-1707.1522395483562,-1.7532838400283952
-1704.5904477806812,-1.848236678789876
-1702.0286560130066,-1.9449177964030437
-1699.4668642453316,-2.04330404321585
-1696.905072477657,-2.143371375478256
-1694.3432807099823,-2.2450948872576055
-1691.7814889423075,-2.3484488433825694
-1689.2196971746328,-2.4534067133593456
-1686.657905406958,-2.559941206200976
-1684.0961136392832,-2.668024306108407
-1681.5343218716084,-2.7776273089406294
-1678.9725301039337,-2.888720859411085
-1676.4107383362589,-3.001274988948351
-1673.848946568584,-3.1152591541605883
-1671.2871548009093,-3.230642275845001
-1668.7253630332345,-3.3473927784853252
-1666.1635712655598,-3.465478630182007
-1663.601779497885,-3.5848673829612316
-1661.0399877302102,-3.7055262134102533
-1658.4781959625354,-3.827421963587584
-1655.9164041948607,-3.950521182157434
-1653.354612427186,-4.074790165698311
-1650.792820659511,-4.200195000135811
-1648.2310288918366,-4.326701602249347
-1645.6692371241616,-4.454275761201722
-1643.107445356487,-4.582883180039181
-1640.5456535888122,-4.712489517108173
-1637.9838618211375,-4.843060427333911
-1635.4220700534627,-4.974561603305109
-1632.860278285788,-5.1069588161091835
-1630.2984865181131,-5.240217955862752
-1627.7366947504383,-5.374305071883455
-1625.1749029827636,-5.509186412450418
-1622.6131112150888,-5.644828464101885
-1620.051319447414,-5.781197990419425
-1617.4895276797392,-5.91826207024895
-1614.9277359120645,-6.055988135309646
-1612.3659441443897,-6.194344007142914
-1609.804152376715,-6.333297933354469
-1607.2423606090401,-6.472818623103722
-1604.6805688413654,-6.612875281795569
-1602.1187770736906,-6.753437644930751
-1599.556985306016,-6.894476011071953
-1596.995193538341,-7.0359612738839346
-1594.4334017706665,-7.177864953207054
-1591.8716100029915,-7.320159225124409
-1589.309818235317,-7.462816950983541
-1586.7480264676421,-7.60581170533423
-1584.1862346999674,-7.7491178027446574
-1581.6244429322926,-7.892710323459458
-1579.0626511646178,-8.036565137865109
-1576.500859396943,-8.180658929730626
-1573.9390676292683,-8.32496921819446
-1571.3772758615935,-8.469474378471501
-1568.8154840939187,-8.614153661257186
-1566.253692326244,-8.758987210808543
-1563.6919005585692,-8.903956081684898
-1561.1301087908944,-9.049042254133477
-1558.5683170232196,-9.194228648107535
-1556.0065252555448,-9.339499135906728
-1553.44473348787,-9.484838553431318
-1550.8829417201955,-9.630232710043279
-1548.3211499525205,-9.775668397028667
-1545.759358184846,-9.921133394656716
-1543.197566417171,-10.066616477832198
-1540.6357746494964,-10.212107420338707
-1538.0739828818216,-10.357596997671617
-1535.5121911141468,-10.503076988460688
-1532.950399346472,-10.648540174483454
-1530.3886075787973,-10.793980339271734
-1527.8268158111225,-10.939392265314726
-1525.2650240434477,-11.08477172986332
-1522.703232275773,-11.230115499341167
-1520.1414405080982,-11.375421322369037
-1517.5796487404234,-11.52068792140951
-1515.0178569727486,-11.665914983039379
-1512.4560652050739,-11.811103146857098
-1509.894273437399,-11.95625399303203
-1507.3324816697243,-12.101370028501652
-1504.7706899020495,-12.246454671821821
-1502.2088981343747,-12.39151223667419
-1499.6471063667,-12.536547914033607
-1497.0853145990254,-12.681567752997541
-1494.5235228313504,-12.826578640279228
-1491.9617310636759,-12.97158827836671
-1489.3999392960009,-13.116605162351409
-1486.8381475283263,-13.261638555432084
-1484.2763557606515,-13.406698463102737
-1481.7145639929768,-13.551795606036325
-1479.152772225302,-13.696941391679871
-1476.5909804576272,-13.842147884581081
-1474.0291886899524,-13.987427775471948
-1471.4673969222777,-14.13279434914045
-1468.9056051546029,-14.278261451127307
-1466.343813386928,-14.423843453290146
-1463.7820216192533,-14.569555218282536
-1461.2202298515786,-14.715412063000034
-1458.6584380839038,-14.861429721049703
-1456.096646316229,-15.007624304303528
-1453.5348545485544,-15.154012263599745
-1450.9730627808794,-15.30061034865928
-1448.411271013205,-15.447435567287485
-1445.84947924553,-15.594505143933896
-1443.2876874778553,-15.741836477685224
-1440.7258957101803,-15.88944709976889
-1438.1641039425058,-16.037354630646124
-1435.6023121748308,-16.185576736774635
-1433.0405204071562,-16.334131087121047
-1430.4787286394812,-16.48303530950275
-1427.9169368718067,-16.632306946837858
-1425.355145104132,-16.781963413380836
-1422.7933533364571,-16.93202195101976
-1420.2315615687824,-17.082499585709268
-1417.6697698011076,-17.23341308411114
-1415.1079780334328,-17.384778910511972
-1412.546186265758,-17.53661318408505
-1409.9843944980832,-17.688931636561236
-1407.4226027304085,-17.841749570371594
-1404.8608109627337,-17.995081817322664
-1402.299019195059,-18.14894269786395
-1399.7372274273844,-18.303345981006025
-1397.1754356597094,-18.45830484494655
-1394.6136438920348,-18.613831838460644
-1392.0518521243598,-18.769938843110953
-1389.4900603566853,-18.926637036331694
-1386.9282685890103,-19.083936855439664
-1384.3664768213357,-19.241847962623755
-1381.8046850536607,-19.400379210963116
-1379.2428932859862,-19.559538611522612
-1376.6811015183112,-19.719333301573123
-1374.1193097506366,-19.879769513983085
-1371.5575179829618,-20.04085254782646
-1368.995726215287,-20.202586740250755
-1366.4339344476123,-20.36497543964688
-1363.8721426799375,-20.528020980160527
-1361.3103509122627,-20.691724657582895
-1358.748559144588,-20.856086706656452
-1356.1867673769132,-21.021106279829446
-1353.6249756092384,-21.186781427490825
-1351.0631838415636,-21.35310907971514
-1348.5013920738888,-21.520085029544646
-1345.9396003062143,-21.687703917833478
-1343.3778085385393,-21.855959219676503
-1340.8160167708647,-22.024843232443242
-1338.2542250031897,-22.19434706543541
-1335.6924332355152,-22.364460631185
-1333.1306414678402,-22.535172638408383
-1330.5688497001656,-22.70647058663044
-1328.0070579324906,-22.87834076249112
-1325.445266164816,-23.05076823774461
-1322.883474397141,-23.223736868958465
-1320.3216826294665,-23.397229298916365
-1317.7598908617917,-23.57122695972414
-1315.198099094117,-23.74571007761413
-1312.6363073264422,-23.920657679438655
-1310.0745155587674,-24.096047600839228
-1307.5127237910926,-24.27185649607491
-1304.9509320234179,-24.448059849490676
-1302.389140255743,-24.62463198860461
-1299.8273484880683,-24.801546098791345
-1297.2655567203935,-24.978774239537767
-1294.7037649527188,-25.156287362245795
-1292.1419731850442,-25.334055329555742
-1289.5801814173692,-25.512046936162065
-1287.0183896496947,-25.69022993109187
-1284.4565978820197,-25.868571041414732
-1281.894806114345,-26.047035997350804
-1279.33301434667,-26.22558955874232
-1276.7712225789955,-26.40419554285201
-1274.2094308113205,-26.582816853450026
-1271.647639043646,-26.76141551114957
-1269.0858472759712,-26.939952684949844
-1266.5240555082964,-27.118388724943856
-1263.9622637406217,-27.2966831961476
-1261.400471972947,-27.47479491340664
-1258.838680205272,-27.65268197733525
-1256.2768884375973,-27.83030181124313
-1253.7150966699226,-28.007611199004565
-1251.1533049022478,-28.184566323824782
-1248.591513134573,-28.36112280785818
-1246.0297213668982,-28.53723575263274
-1243.4679295992237,-28.712859780234734
-1240.9061378315487,-28.887949075207374
-1238.3443460638741,-29.06245742711654
-1235.7825542961991,-29.236338273736706
-1233.2207625285246,-29.409544744810056
-1230.6589707608496,-29.58202970633208
-1228.097178993175,-29.75374580531686
-1225.5353872255,-29.924645514994957
-1222.9735954578255,-30.094681180395963
-1220.4118036901505,-30.263805064267192
-1217.850011922476,-30.43196939327923
-1215.2882201548011,-30.599126404468656
-1212.7264283871264,-30.765228391867748
-1210.1646366194516,-30.930227753270174
-1207.6028448517768,-31.09407703708081
-1205.041053084102,-31.256728989196557
-1202.4792613164273,-31.418136599863626
-1199.9174695487525,-31.57825315045498
-1197.3556777810777,-31.737032260109714
-1194.793886013403,-31.89442793217397
-1192.2320942457281,-32.05039460038084
-1189.6703024780536,-32.20488717470435
-1187.1085107103786,-32.357861086820726
-1184.546718942704,-32.509272335108186
-1181.984927175029,-32.65907752911455
-1179.4231354073545,-32.807233933420235
-1176.8613436396795,-32.95369951082322
-1174.299551872005,-33.098432964771945
-1171.73776010433,-33.241393780972544
-1169.1759683366554,-33.38254226809808
-1166.6141765689804,-33.52183959752947
-1164.0523848013058,-33.65924784206091
-1161.490593033631,-33.794730013505884
-1158.9288012659563,-33.92825009914441
-1156.3670094982815,-34.05977309695576
-1153.8052177306067,-34.18926504958491
-1151.243425962932,-34.31669307699403
-1148.6816341952572,-34.44202540775355
-1146.1198424275824,-34.56523140893022
-1143.5580506599076,-34.68628161453245
-1140.9962588922328,-34.805147752476365
-1138.434467124558,-34.9218027700391
-1135.8726753568835,-35.03622085776896
-1133.3108835892085,-35.14837747182511
-1130.749091821534,-35.25824935472259
-1128.187300053859,-35.36581455446173
-1125.6255082861844,-35.47105244202449
-1123.0637165185094,-35.57394372722343
-1120.5019247508349,-35.67447047289233
-1117.9401329831599,-35.77261610741043
-1115.3783412154853,-35.86836543555514
-1112.8165494478103,-35.9617046476804
-1110.2547576801358,-36.05262132721999
-1107.692965912461,-36.141104456517546
-1105.1311741447862,-36.22714442098694
-1102.5693823771114,-36.31073301160891
-1100.0075906094366,-36.391863425771824
-1097.4457988417619,-36.47053026646646
-1094.884007074087,-36.54672953984676
-1092.3222153064123,-36.62045865117048
-1089.7604235387375,-36.69171639913558
-1087.1986317710628,-36.76050296862989
-1084.636840003388,-36.82681992191345
-1082.0750482357134,-36.8906701882546
-1079.5132564680384,-36.95205805204291
-1076.9514647003639,-37.01098913940318
-1074.3896729326889,-37.06747040333702
-1071.8278811650143,-37.12151010741954
-1069.2660893973393,-37.17311780808066
-1066.7042976296648,-37.22230433550197
-1064.1425058619898,-37.269081773162
-1061.5807140943152,-37.31346343606519
-1059.0189223266404,-37.35546384769218
-1056.4571305589657,-37.39509871571249
-1053.895338791291,-37.43238490650341
-1051.3335470236161,-37.46734041852158
-1048.7717552559413,-37.49998435457615
-1046.2099634882666,-37.53033689305402
-1043.6481717205918,-37.55841925814978
-1041.086379952917,-37.58425368915442
-1038.5245881852422,-37.607863408859
-1035.9627964175675,-37.629272591131574
-1033.401004649893,-37.64850632772816
-1030.839212882218,-37.66559059440065
-1028.2774211145434,-37.6805522163675
-1025.7156293468684,-37.69341883321443
-1023.1538375791937,-37.704218863293505
-1020.5920458115189,-37.71298146768876
-1018.0302540438441,-37.719736513815306
-1015.4684622761694,-37.72451453871718
-1012.9066705084946,-37.72734671212755
-1010.3448787408198,-37.72826479935247
-1007.7830869731451,-37.727301124037844
-1005.2212952054704,-37.72448853087719
-1002.6595034377956,-37.719860348316246
-1000.0977116701208,-37.71345035130877
-997.535919902446,-37.70529272417647
-994.9741281347713,-37.69542202362455
-992.4123363670965,-37.6838731419629
-989.8505445994217,-37.67068127058145
-987.2887528317469,-37.655881863726336
-984.7269610640722,-37.63951060262143
-982.1651692963974,-37.621603359977314
-979.6033775287227,-37.60219616492715
-977.0415857610479,-37.58132516842539
-974.4797939933732,-37.55902660914217
-971.9180022256984,-37.535336779882776
-969.3562104580236,-37.51029199455787
-966.794418690349,-37.483928555727324
-964.2326269226742,-37.45628272273699
-961.6708351549994,-37.4273906804653
-959.1090433873246,-37.39728850869486
-956.5472516196498,-37.36601215212281
-953.9854598519751,-37.33359739102391
-951.4236680843003,-37.300079812579874
-948.8618763166255,-37.265494782889164
-946.3000845489507,-37.22987741967147
-943.738292781276,-37.19326256568176
-941.1765010136012,-37.15568476284926
-938.6147092459264,-37.11717822715691
-936.0529174782516,-37.0777768242776
-933.4911257105769,-37.03751404598307
-930.9293339429021,-36.9964229873414
-928.3675421752273,-36.95453632471789
-925.8057504075525,-36.91188629459323
-923.2439586398777,-36.86850467321083
-920.682166872203,-36.824422757064305
-918.1203751045282,-36.77967134423383
-915.5585833368536,-36.73428071657863
-912.9967915691789,-36.68828062279113
-910.4349998015041,-36.64170026231666
-907.8732080338293,-36.594568270140535
-905.3114162661545,-36.54691270244295
-902.7496244984798,-36.49876102312046
-900.187832730805,-36.450140091171484
-897.6260409631302,-36.401076148942494
-895.0642491954554,-36.35159481123053
-892.5024574277807,-36.30172105523716
-889.9406656601059,-36.251479211368036
-887.3788738924311,-36.20089295487135
-884.8170821247563,-36.14998529830768
-882.2552903570815,-36.098778584842194
-879.6934985894068,-36.04729448234863
-877.131706821732,-35.995553978313026
-874.5699150540572,-35.9435773755228
-872.0081232863824,-35.8913842885258
-869.4463315187077,-35.838993640841764
-866.8845397510329,-35.78642366290771
-864.3227479833581,-35.733691890737354
-861.7609562156836,-35.6808151652741
-859.1991644480088,-35.62780963241643
-856.637372680334,-35.574690743695136
-854.0755809126592,-35.521473257582606
-851.5137891449845,-35.468171241416336
-848.9519973773097,-35.41479807392061
-846.3902056096349,-35.36136644831213
-843.8284138419601,-35.30788837597751
-841.2666220742854,-35.25437519071228
-838.7048303066106,-35.200837553513054
-836.1430385389358,-35.14728545791618
-833.581246771261,-35.093728235878274
-831.0194550035862,-35.04017456419569
-828.4576632359115,-34.986632471461824
-825.8958714682367,-34.93310934556272
-823.3340797005619,-34.879611941712525
-820.7722879328871,-34.82614639103069
-818.2104961652124,-34.772718209662074
-815.6487043975376,-34.719332308439704
-813.0869126298628,-34.66599300308827
-810.5251208621883,-34.61270402496443
-807.9633290945135,-34.55946853232861
-805.4015373268387,-34.50628912214106
-802.8397455591639,-34.45316784237383
-800.2779537914892,-34.40010620482868
-797.7161620238144,-34.347105198449874
-795.1543702561396,-34.29416530311945
-792.5925784884648,-34.24128650392165
-790.03078672079,-34.18846830586219
-787.4689949531153,-34.13570974902712
-784.9072031854405,-34.083009424165375
-782.3454114177657,-34.03036548867788
-779.7836196500909,-33.977775682995514
-777.2218278824162,-33.925237347326885
-774.6600361147414,-33.87274743875594
-772.0982443470666,-33.820302548667854
-769.5364525793918,-33.767898920480384
-766.9746608117171,-33.71553246765586
-764.4128690440423,-33.663198791967545
-761.8510772763675,-33.61089320199201
-759.2892855086927,-33.55861073179764
-756.7274937410182,-33.50634615979777
-754.1657019733434,-33.45409402773623
-751.6039102056686,-33.401848659772654
-749.0421184379938,-33.349604181635314
-746.4803266703191,-33.29735453980963
-743.9185349026443,-33.245093520731004
-741.3567431349695,-33.19281476995124
-738.7949513672947,-33.14051181124835
-736.23315959962,-33.08817806564994
-733.6713678319452,-33.03580687034125
-731.1095760642704,-32.98339149742975
-728.5477842965956,-32.93092517253919
-725.9859925289209,-32.878401093207316
-723.4242007612461,-32.825812447063036
-720.8624089935713,-32.773152429760366
-718.3006172258965,-32.720414262648106
-715.7388254582218,-32.66759121015581
-713.177033690547,-32.61467659687798
-710.6152419228722,-32.56166382433958
-708.0534501551974,-32.50854638742693
-705.4916583875229,-32.45531789046829
-702.9298666198481,-32.401972062949376
-700.3680748521733,-32.34850277484902
-697.8062830844985,-32.29490405158039
-695.2444913168238,-32.24117008852382
-692.682699549149,-32.18729526513711
-690.1209077814742,-32.133274158629554
-687.5591160137994,-32.07910155718622
-684.9973242461247,-32.024772472728976
-682.4355324784499,-31.970282153200994
-679.8737407107751,-31.915626094361677
-677.3119489431003,-31.860800051078957
-674.7501571754256,-31.805800048106068
-672.1883654077508,-31.750622390330008
-669.626573640076,-31.695263672479182
-667.0647818724012,-31.639720788277838
-664.5029901047265,-31.58399093903508
-661.9411983370517,-31.52807164165642
-659.3794065693769,-31.471960736065682
-656.8176148017021,-31.415656392025227
-654.2558230340273,-31.359157115342803
-651.6940312663528,-31.302461753454054
-649.132239498678,-31.245569500371307
-646.5704477310032,-31.188479900991332
-644.0086559633285,-31.131192854757355
-641.4468641956537,-31.073708618673166
-638.8850724279789,-31.016027809669907
-636.3232806603041,-30.958151406328323
-633.7614888926294,-30.900080749961756
-631.1996971249546,-30.841817545067183
-628.6379053572798,-30.783363859153837
-626.076113589605,-30.724722121961086
-623.5143218219303,-30.66589512407917
-620.9525300542555,-30.606886014988255
-618.3907382865807,-30.54769830053211
-615.8289465189059,-30.488335839843085
-613.2671547512311,-30.428802841734615
-610.7053629835564,-30.369103860576907
-608.1435712158816,-30.309243791670973
-605.5817794482068,-30.24922786613586
-603.019987680532,-30.18906164532342
-600.4581959128575,-30.128751014774704
-597.8964041451827,-30.068302177731713
-595.3346123775079,-30.007721648217963
-592.7728206098332,-29.94701624370076
-590.2110288421584,-29.886193077347915
-587.6492370744836,-29.82525954989105
-585.0874453068088,-29.764223341107353
-582.525653539134,-29.70309240093122
-579.9638617714593,-29.64187494020672
-577.4020700037845,-29.58057942109144
-574.8402782361097,-29.519214547121848
-572.278486468435,-29.457789252949773
-569.7166947007602,-29.396312693759207
-567.1549029330854,-29.334794234372154
-564.5931111654106,-29.27324343805171
-562.0313193977358,-29.21167005501008
-559.4695276300611,-29.150084010628852
-556.9077358623863,-29.08849539339814
-554.3459440947115,-29.02691444258119
-551.7841523270367,-28.965351535610917
-549.222360559362,-28.903817175225168
-546.6605687916874,-28.84232197634807
-544.0987770240126,-28.780876652725464
-541.5369852563379,-28.719492003322973
-538.9751934886631,-28.658178898495976
-536.4134017209883,-28.596948265941386
-533.8516099533135,-28.535811076442332
-531.2898181856388,-28.474778329417934
-528.728026417964,-28.413861038291795
-526.1662346502892,-28.35307021569411
-523.6044428826144,-28.292416858513327
-521.0426511149396,-28.23191193281379
-518.4808593472649,-28.171566358636078
-515.9190675795901,-28.111390994696652
-513.3572758119153,-28.051396623003434
-510.79548404424054,-27.991593933403724
-508.23369227656576,-27.931993508081014
-505.671900508891,-27.872605806017056
-503.1101087412162,-27.813441147435793
-500.54831697354143,-27.75450969824612
-497.98652520586666,-27.695821454501026
-495.4247334381921,-27.63738622689156
-492.86294167051733,-27.579213625295356
-490.30114990284255,-27.52131304340083
-487.7393581351678,-27.463693643430016
-485.177566367493,-27.406364340984464
-482.6157745998182,-27.349333790040436
-480.05398283214345,-27.292610368121217
-477.49219106446867,-27.236202161676303
-474.9303992967939,-27.18011695169913
-472.3686075291191,-27.124362199617078
-469.80681576144434,-27.068945033489413
-467.24502399376956,-27.01387223455056
-464.6832322260948,-26.959150224137776
-462.12144045842,-26.904785051043813
-459.55964869074523,-26.850782379336685
-456.99785692307046,-26.797147476689858
-454.4360651553957,-26.74388520326705
-451.8742733877209,-26.691000001205634
-449.3124816200461,-26.63849588474137
-446.75068985237135,-26.586376431014997
-444.1888980846966,-26.534644771598064
-441.627106317022,-26.48330358477239
-439.06531454934725,-26.43235508859395
-436.5035227816725,-26.381801034768333
-433.9417310139977,-26.331642703361226
-431.3799392463229,-26.281880898363596
-428.81814747864814,-26.23251594412751
-426.25635571097337,-26.183547682685067
-423.6945639432986,-26.134975471959756
-421.1327721756238,-26.086798184876233
-418.57098040794904,-26.039014209371448
-416.00918864027426,-25.991621449306653
-413.4473968725995,-25.94461732627675
-410.8856051049247,-25.897998782310054
-408.32381333724993,-25.851762283448753
-405.76202156957515,-25.80590382419732
-403.2002298019004,-25.760418932823857
-400.6384380342256,-25.715302677497494
-398.0766462665508,-25.670549673243976
-395.51485449887605,-25.626154089701057
-392.95306273120127,-25.582109659655252
-390.3912709635267,-25.538409688341584
-387.82947919585195,-25.49504706348806
-385.26768742817717,-25.452014266086277
-382.7058956605024,-25.409303381869233
-380.1441038928276,-25.366906113476556
-377.58231212515284,-25.324813793286133
-375.02052035747806,-25.28301739688944
-372.4587285898033,-25.241507557186008
-369.8969368221285,-25.200274579070705
-367.33514505445373,-25.159308454686215
-364.77335328677896,-25.118598879211504
-362.2115615191042,-25.0781352671561
-359.6497697514294,-25.037906769128753
-357.0879779837546,-24.997902289048287
-354.52618621607985,-24.958110501763485
-351.9643944484051,-24.918519871048517
-349.4026026807303,-24.87911866793989
-346.8408109130555,-24.839894989381403
-344.27901914538074,-24.80083677714372
-341.71722737770597,-24.761931836985482
-339.1554356100312,-24.723167858023064
-336.59364384235664,-24.684532432275734
-334.03185207468186,-24.646013074352624
-331.4700603070071,-24.607597241247625
-328.9082685393323,-24.569272352208305
-326.34647677165754,-24.53102580864529
-323.78468500398276,-24.492845014049376
-321.222893236308,-24.45471739388462
-318.6611014686332,-24.416630415426688
-316.09930970095843,-24.378571607516758
-313.53751793328365,-24.340528580202008
-310.9757261656089,-24.302489044234424
-308.4139343979341,-24.264440830399984
-305.8521426302593,-24.22637190865061
-303.29035086258455,-24.188270407011306
-300.72855909490977,-24.150124630234874
-298.166767327235,-24.111923078176616
-295.6049755595602,-24.07365446386165
-293.04318379188544,-24.035307731217912
-290.48139202421066,-23.99687207244883
-287.9196002565359,-23.958336945020672
-285.35780848886134,-23.91969208824055
-282.79601672118656,-23.880927539402464
-280.2342249535118,-23.842033649479774
-277.672433185837,-23.80300109834363
-275.11064141816223,-23.763820909488228
-272.54884965048745,-23.724484464244945
-269.9870578828127,-23.68498351546914
-267.4252661151379,-23.645310200685213
-264.8634743474631,-23.60545705467762
-262.30168257978835,-23.565417021517582
-259.7398908121136,-23.525183466017364
-257.1780990444388,-23.4847501846058
-254.61630727676402,-23.444111415620384
-252.05451550908924,-23.403261849012313
-249.49272374141447,-23.362196635461387
-246.9309319737397,-23.320911394898083
-244.3691402060649,-23.27940222443063
-241.80734843839014,-23.2376657056758
-239.24555667071536,-23.195698911493192
-236.68376490304058,-23.15349941212394
-234.1219731353658,-23.111065280735723
-231.56018136769126,-23.06839509837716
-228.99838960001648,-23.025487958345668
-226.4365978323417,-22.982343469974083
-223.87480606466693,-22.93896176184218
-221.31301429699215,-22.895343484419932
-218.75122252931737,-22.851489812149293
-216.1894307616426,-22.807402444970695
-213.62763899396782,-22.763083609299805
-211.06584722629304,-22.718536058459325
-208.50405545861827,-22.673763072569972
-205.9422636909435,-22.62876845790437
-203.38047192326871,-22.583556545706962
-200.81868015559394,-22.53813219048275
-198.25688838791916,-22.492500767757
-195.69509662024439,-22.446668171307323
-193.1333048525696,-22.400640809868502
-190.57151308489483,-22.354425603309437
-188.00972131722006,-22.308029978279958
-185.44792954954528,-22.261461863323976
-182.8861377818705,-22.21472968345373
-180.32434601419595,-22.16784235417835
-177.76255424652118,-22.120809274978765
-175.2007624788464,-22.07364032221959
-172.63897071117162,-22.026345841487736
-170.07717894349685,-21.97893663934687
-167.51538717582207,-21.93142397449684
-164.9535954081473,-21.883819548327505
-162.39180364047252,-21.836135494857064
-159.83001187279774,-21.788384370045698
-157.26822010512296,-21.740579140476097
-154.7064283374482,-21.692733171393318
-152.1446365697734,-21.644860214097214
-149.58284480209863,-21.596974392681823
-147.02105303442386,-21.54909019011702
-144.45926126674908,-21.501222433668737
-141.8974694990743,-21.45338627965477
-139.33567773139953,-21.405597197533858
-136.77388596372475,-21.35787095332625
-134.21209419604997,-21.3102235923645
-131.6503024283752,-21.26267142137414
-129.08851066070042,-21.215230989884965
-126.52671889302587,-21.167919070975632
-123.9649271253511,-21.1207526413566
-121.40313535767632,-21.07374886079942
-118.84134359000154,-21.02692505092365
-116.27955182232677,-20.980298673355833
-113.71776005465199,-20.93388730727836
-111.15596828697721,-20.887708626389244
-108.59417651930244,-20.84178037529701
-106.03238475162766,-20.796120345378263
-103.47059298395288,-20.750746350128438
-100.9088012162781,-20.705676200039587
-98.34700944860333,-20.66092767704212
-95.78521768092855,-20.616518508550406
-93.22342591325378,-20.572466341155316
-90.661634145579,-20.528788714009643
-88.09984237790422,-20.4855030319552
-85.53805061022945,-20.442626538442912
-82.97625884255467,-20.400176288299633
-80.4144670748799,-20.358169120397715
-77.85267530720512,-20.316621630285383
-75.29088353953057,-20.275550142837876
-72.72909177185579,-20.234970684990948
-70.16730000418102,-20.19489895861998
-67.60550823650624,-20.155350313629533
-65.04371646883146,-20.11633972131965
-62.481924701156686,-20.07788174809682
-59.92013293348191,-20.039990529599173
-57.35834116580713,-20.00267974530717
-54.796549398132356,-19.96596259371263
-52.23475763045758,-19.929851768119956
-49.6729658627828,-19.89435943315368
-47.11117409510803,-19.859497202046395
-44.54938232743325,-19.825276114780394
-41.98759055975847,-19.79170661715575
-39.4257987920837,-19.75879854085657
-36.86400702440892,-19.726561084586116
-34.302215256734144,-19.695002796339967
-31.740423489059367,-19.664131556884964
-29.17863172138459,-19.633954564509544
-26.616839953709814,-19.60447832110875
-24.055048186035265,-19.575708619663914
-21.493256418360488,-19.547650533172718
-18.93146465068571,-19.520308405080282
-16.369672883010935,-19.49368584125642
-13.807881115336158,-19.46778570355858
-11.246089347661382,-19.442610105014687
-8.684297579986605,-19.418160406654497
-6.122505812311829,-19.394437216012854
-3.560714044637052,-19.37144038732282
-0.9989222769622756,-19.349169023411438
1.562869490712501,-19.327621479305765
4.1246612583872775,-19.306795367551594
6.686453026062054,-19.28668756524177
9.24824479373683,-19.26729422274514
11.810036561411607,-19.248610774120483
14.371828329086384,-19.230631949192663
16.93362009676116,-19.213351787260855
19.495411864435937,-19.196763652401263
22.057203632110713,-19.18086025031945
24.61899539978549,-19.16563364670079
27.180787167460267,-19.15107528700152
29.742578935134816,-19.137176017618486
32.30437070280959,-19.123926108372327
34.86616247048437,-19.11131527623631
37.427954238159145,-19.09933271024014
39.98974600583392,-19.087967097474905
42.5515377735087,-19.077206650121845
45.113329541183475,-19.067039133424245
47.67512130885825,-19.05745189451891
50.23691307653303,-19.048431892041133
52.798704844207805,-19.03996572641518
55.36049661188258,-19.032039670740577
57.92228837955713,-19.024639702183688
60.484080147232135,-19.01775153378342
63.045871914906684,-19.01136064658032
65.60766368258169,-19.005452321979195
68.16945545025624,-19.00001167425723
70.73124721793124,-18.995023683131503
73.29303898560579,-18.9904732263019
75.8548307532808,-18.986345111887537
78.41662252095534,-18.982624110676934
80.97841428863035,-18.979294988114546
83.5402060563049,-18.976342535948493
86.1019978239799,-18.973751603466795
88.66378959165445,-18.971507128252004
91.22558135932945,-18.96959416638698
93.787373127004,-18.967997922047754
96.349164894679,-18.966703776422907
98.91095666235356,-18.965697315902492
101.47274843002856,-18.964964359482874
104.03454019770311,-18.964490985337125
106.59633196537811,-18.964263556503568
109.15812373305266,-18.964268745647857
111.71991550072721,-18.96449355885649
114.28170726840222,-18.964925358421926
116.84349903607676,-18.965551884581714
119.40529080375177,-18.966361276176134
121.96708257142632,-18.96734209019115
124.52887433910132,-18.96848332015578
127.09066610677587,-18.96977441336564
129.65245787445087,-18.971205286907196
132.21424964212542,-18.97276634246031
134.77604140980043,-18.97444847985987
137.33783317747498,-18.976243109400347
139.89962494514998,-18.978142162870476
142.46141671282453,-18.980138103308487
145.02320848049953,-18.982223933472145
147.58500024817408,-18.984393203022094
150.1467920158491,-18.986640014421607
152.70858378352364,-18.988959027560373
155.27037555119864,-18.99134546311434
157.8321673188732,-18.993795104657632
160.39395908654774,-18.99630429954641
162.95575085422274,-18.998869958597872
165.5175426218973,-19.001489554590908
168.0793343895723,-19.00416111961768
170.64112615724684,-19.006883241317855
173.20291792492185,-19.009655058028738
175.7647096925964,-19.012476252885886
178.3265014602714,-19.01534704690951
180.88829322794595,-19.018268191112963
183.45008499562095,-19.021240957670415
186.0118767632955,-19.024267130181777
188.5736685309705,-19.027348993073588
191.13546029864506,-19.030489320175306
193.69725206632006,-19.033691362510726
196.2590438339946,-19.03695883534451
198.82083560166961,-19.040295904523592
201.38262736934416,-19.043707172152796
203.94441913701917,-19.047197661643317
206.50621090469372,-19.05077280217182
209.06800267236872,-19.054438412586812
211.62979444004327,-19.058200684797825
214.19158620771782,-19.062066166681745
216.75337797539282,-19.06604174453955
219.31516974306737,-19.07013462513565
221.87696151074238,-19.074352317351146
224.43875327841693,-19.078702613481532
227.00054504609193,-19.083193570208774
229.56233681376648,-19.087833489277234
232.12412858144148,-19.092630897902616
234.68592034911603,-19.097594528943016
237.24771211679104,-19.102733300860912
239.80950388446558,-19.108056297504895
242.3712956521406,-19.11357274774005
244.93308741981514,-19.11929200495581
247.49487918749014,-19.1252235264802
250.0566709551647,-19.13137685292935
252.6184627228397,-19.137761587521073
255.18025449051424,-19.144387375381275
257.74204625818925,-19.151263882871962
260.3038380258638,-19.15840077696948
262.8656297935388,-19.16580770472138
265.42742156121335,-19.173494272809997
267.9892133288879,-19.18147002725054
270.5510050965629,-19.189744433251686
273.11279686423745,-19.198326855266618
275.67458863191246,-19.207226537262983
278.236380399587,-19.216452583240574
280.798172167262,-19.226013938026167
283.35996393493656,-19.235919368375452
285.92175570261156,-19.24617744441215
288.4835474702861,-19.256796521434296
291.0453392379611,-19.267784722116932
293.60713100563567,-19.279149919139453
296.16892277331067,-19.29089971826454
298.7307145409852,-19.30304144189427
301.2925063086602,-19.31558211312707
303.85429807633477,-19.328528440337337
306.4160898440098,-19.341886802297388
308.9778816116843,-19.355663233859705
311.53967337935933,-19.36986341221552
314.1014651470339,-19.38449264374477
316.6632569147089,-19.399555851471472
319.22504868238343,-19.415057563137967
321.786840450058,-19.431001899911188
324.348632217733,-19.447392565733388
326.91042398540753,-19.46423283732918
329.47221575308254,-19.481525554879756
332.0340075207571,-19.499273113374098
334.5957992884321,-19.517477454646215
337.15759105610664,-19.536140060106884
339.71938282378164,-19.555261944178472
342.2811745914562,-19.574843648442187
344.8429663591312,-19.594885236508144
347.40475812680575,-19.61538628962008
349.96654989448075,-19.636345903007985
352.5283416621553,-19.657762683003376
355.0901334298303,-19.679634744933317
357.65192519750485,-19.701959711810343
360.21371696517986,-19.724734713836337
362.7755087328544,-19.74795638873834
365.3373005005294,-19.771620882953556
367.89909226820396,-19.795723853679423
370.4608840358785,-19.82026047180264
373.0226758035535,-19.84522542571881
375.58446757122806,-19.87061292605158
378.14625933890306,-19.896416711277066
380.7080511065776,-19.922630054255652
383.2698428742526,-19.9492457696693
385.83163464192717,-19.976256222357804
388.39342640960217,-20.003653336542815
390.9552181772767,-20.031428605923363
393.5170099449517,-20.059573104621563
396.0788017126263,-20.088077498952316
398.6405934803013,-20.116932059986066
401.2023852479758,-20.146126676869518
403.76417701565083,-20.175650870865546
406.3259687833254,-20.20549381007045
408.8877605510004,-20.235644324764575
411.44955231867493,-20.266090923350855
414.01134408634994,-20.29682180883505
416.5731358540245,-20.3278248958008
419.1349276216995,-20.359087827832074
421.69671938937404,-20.390597995334474
424.2585111570486,-20.42234255370571
426.8203029247236,-20.454308441803985
429.38209469239814,-20.486482400661302
431.94388646007314,-20.51885099238704
434.5056782277477,-20.55140061920573
437.0674699954227,-20.584117542572294
439.62926176309725,-20.616987902308292
442.19105353077225,-20.649997735703693
444.7528452984468,-20.683132996530258
447.3146370661218,-20.716379573914207
449.87642883379635,-20.74972331101778
452.43822060147136,-20.783150023481422
455.0000123691459,-20.816645517580618
457.5618041368209,-20.85019560805401
460.12359590449546,-20.88378613556206
462.68538767217046,-20.917402983738782
465.247179439845,-20.951032095802017
467.80897120752,-20.98465949069133
470.37076297519457,-21.018271278705566
472.93255474286957,-21.051853676615345
475.4943465105441,-21.08539302222849
478.05613827821867,-21.118875788388525
480.6179300458937,-21.152288596388274
483.1797218135682,-21.185618228781795
485.7415135812432,-21.218851641579192
488.3033053489178,-21.251975975810268
490.8650971165928,-21.284978568444537
493.4268888842673,-21.317846962657168
495.98868065194233,-21.350568917432383
498.5504724196169,-21.383132416497844
501.1122641872919,-21.415525676585457
503.67405595496643,-21.44773715501582
506.23584772264144,-21.47975555660517
508.797639490316,-21.511569839895404
511.359431257991,-21.54316922270925
513.9212230256655,-21.57454318703452
516.4830147933405,-21.60568148324312
519.0448065610151,-21.636574133652225
521.6065983286901,-21.667211435437085
524.1683900963646,-21.697583962906858
526.7301818640397,-21.72768256915695
529.2919736317142,-21.757498387113376
531.8537653993887,-21.787022829986935
534.4155571670638,-21.816247591157598
536.9773489347383,-21.8451646435124
539.5391407024133,-21.873766238262977
542.1009324700879,-21.90204490327187
544.6627242377629,-21.929993440919493
547.2245160054374,-21.957604925546146
549.7863077731124,-21.984872700506177
552.348099540787,-22.01179037487323
554.909891308462,-22.03835181983688
557.4716830761365,-22.064551164831244
560.0334748438115,-22.090382793435737
562.5952666114861,-22.11584133908729
565.1570583791611,-22.14092168064233
567.7188501468356,-22.165618937825865
570.2806419145106,-22.189928466604123
572.8424336821852,-22.21384585451621
575.4042254498602,-22.237366915999523
577.9660172175347,-22.260487687742685
580.5278089852093,-22.28320442409913
583.0896007528843,-22.305513592593478
585.6513925205588,-22.327411869551977
588.2131842882338,-22.348896135886754
590.7749760559084,-22.36996347306221
593.3367678235834,-22.390611159270094
595.8985595912579,-22.410836665838136
598.4603513589329,-22.430637653895477
601.0221431266075,-22.450011971316503
603.5839348942825,-22.468957649963098
606.145726661957,-22.487472903243575
608.707518429632,-22.50555612400466
611.2693101973066,-22.52320588277109
613.8311019649816,-22.540420926345337
616.3928937326561,-22.55720017677783
618.9546855003312,-22.57354273071585
621.5164772680057,-22.589447859136882
624.0782690356807,-22.6049150074697
626.6400608033553,-22.61994379610363
629.2018525710303,-22.634534021284022
631.7636443387048,-22.648685656389482
634.3254361063794,-22.662398853584182
636.8872278740544,-22.67567394583621
639.4490196417289,-22.688511449290424
642.0108114094039,-22.700912065981885
644.5726031770785,-22.712876686873198
647.1343949447535,-22.724406395196507
649.696186712428,-22.73550247007858
652.257978480103,-22.746166390424925
654.8197702477776,-22.756399839036977
657.3815620154526,-22.766204706934328
659.9433537831271,-22.775583097852305
662.5051455508021,-22.784537332883552
665.0669373184767,-22.79306995523054
667.6287290861517,-22.80118373503449
670.1905208538262,-22.80888167424484
672.7523126215012,-22.81616701149212
675.3141043891758,-22.82304322692609
677.8758961568508,-22.829514046980435
680.4376879245253,-22.835583449024462
682.9994796922003,-22.841255665861585
685.5612714598749,-22.846535190033805
688.1230632275494,-22.85142677789007
690.6848549952244,-22.855935453375256
693.246646762899,-22.860066511495386
695.808438530574,-22.863825521413393
698.3702302982485,-22.867218329129386
700.9320220659235,-22.870251059699715
703.4938138335981,-22.872930118950244
706.0556056012731,-22.8752621946413
708.6173973689476,-22.877254257043862
711.1791891366227,-22.878913558889142
713.7409809042972,-22.880247634656318
716.3027726719722,-22.881264299165508
718.8645644396468,-22.881971645445976
721.4263562073218,-22.882378041852103
723.9881479749963,-22.882492128403296
726.5499397426713,-22.88232281232813
729.1117315103459,-22.881879262797852
731.6735232780209,-22.881170904839582
734.2353150456954,-22.88020741242497
736.79710681337,-22.878998700735114
739.358898581045,-22.87755491760766
741.9206903487195,-22.875886434176348
744.4824821163945,-22.874003834717126
747.0442738840691,-22.87191790571784
749.6060656517441,-22.869639624190764
752.1678574194186,-22.867180145249463
754.7296491870936,-22.86455078897364
757.2914409547682,-22.861763026587948
759.8532327224432,-22.858828465983407
762.4150244901177,-22.85575883661289
764.9768162577927,-22.852565973794622
767.5386080254673,-22.849261802460145
770.1003997931423,-22.845858320384846
772.6621915608168,-22.842367580940778
775.2239833284918,-22.838801675412586
777.7857750961664,-22.8351727149183
780.3475668638414,-22.831492811977544
782.9093586315159,-22.827774061770562
785.471150399191,-22.82402852313248
788.0329421668655,-22.820268199328428
790.59473393454,-22.816505018656432
793.156525702215,-22.812750814926616
795.7183174698896,-22.809017307865993
798.2801092375646,-22.805316083498017
800.8419010052392,-22.801658574544973
803.4036927729142,-22.798056040899432
805.9654845405887,-22.794519550209795
808.5272763082637,-22.79105995862448
811.0890680759383,-22.787687891739516
813.6508598436133,-22.78441372579495
816.2126516112878,-22.781247569165977
818.7744433789628,-22.778199244194877
821.3362351466374,-22.775278269409135
823.8980269143124,-22.772493842169833
826.4598186819869,-22.76985482179294
829.0216104496619,-22.767369713184305
831.5834022173365,-22.765046651027493
834.1451939850115,-22.762893384561597
836.706985752686,-22.760917262984215
839.268777520361,-22.759125221512836
841.8305692880356,-22.757523768135602
844.3923610557101,-22.756118971080316
846.9541528233851,-22.75491644702845
849.5159445910597,-22.75392135009863
852.0777363587347,-22.753138361621918
854.6395281264092,-22.75257168072913
857.2013198940842,-22.752225015767802
859.7631116617588,-22.75210157656403
862.3249034294338,-22.75220406754164
864.8866951971083,-22.752534681708624
867.4484869647833,-22.753095095518454
870.0102787324579,-22.75388646461163
872.5720705001329,-22.75490942044078
875.1338622678074,-22.756164067780936
877.6956540354824,-22.757649983124985
880.257445803157,-22.759366213962245
882.819237570832,-22.761311278936326
885.3810293385066,-22.763483168875926
887.9428211061816,-22.765879348689943
890.5046128738561,-22.768496760115536
893.0664046415311,-22.77133182530504
895.6281964092057,-22.774380451234475
898.1899881768802,-22.777638034913103
900.7517799445552,-22.78109946936995
903.3135717122298,-22.78475915038967
905.8753634799048,-22.788610983966784
908.4371552475793,-22.792648394444562
910.9989470152543,-22.796864333303606
913.5607387829289,-22.801251288565155
916.1225305506039,-22.805801294775737
918.6843223182784,-22.81050594354246
921.2461140859534,-22.815356394591554
923.807905853628,-22.82034338732639
926.369697621303,-22.825457252865196
928.9314893889775,-22.830687926542204
931.4932811566525,-22.836024960859355
934.0550729243271,-22.84145753887804
936.6168646920021,-22.846974488041614
939.1786564596766,-22.852564294419746
941.7404482273516,-22.85821511736568
944.3022399950262,-22.863914804576773
946.8640317627007,-22.869650907548035
949.4258235303757,-22.875410697407396
951.9876152980503,-22.8811811811203
954.5494070657253,-22.88694911805006
957.1111988333998,-22.892701036859023
959.6729906010748,-22.89842325273433
962.2347823687494,-22.904101884920482
964.7965741364244,-22.909722874539508
967.358365904099,-22.915272002678073
969.920157671774,-22.920734908719627
972.4819494394485,-22.926097108898364
975.0437412071235,-22.931344015050566
977.605532974798,-22.936460953537683
980.167324742473,-22.941433184314555
982.7291165101476,-22.94624592011506
985.2909082778226,-22.95088434572656
987.8527000454972,-22.955333637323644
990.4144918131722,-22.95957898183082
992.9762835808467,-22.96360559628311
995.5380753485217,-22.96739874715284
998.0998671161963,-22.970943769610418
1000.6616588838708,-22.974226086686414
1003.2234506515458,-22.97723122830203
1005.7852424192204,-22.979944850135126
1008.3470341868954,-22.98235275228938
1010.9088259545699,-22.984440897735226
1013.4706177222449,-22.986195430492494
1016.0324094899195,-22.98760269352605
1018.5942012575945,-22.988649246327235
1021.155993025269,-22.98932188215503
1023.717784792944,-22.98960764491227
1026.2795765606186,-22.98949384563332
1028.8413683282936,-22.988968078560575
1031.4031600959681,-22.9880182367883
1033.9649518636431,-22.986632527453054
1036.5267436313177,-22.984799486450754
1039.0885353989927,-22.982507992661134
1041.6503271666672,-22.979747281660853
1044.2121189343422,-22.976506958907066
1046.7739107020168,-22.972777012373882
1049.3357024696918,-22.968547824624896
1051.8974942373663,-22.96381018430559
1054.459286005041,-22.958555297039947
1057.021077772716,-22.952774795715925
1059.5828695403904,-22.946460750144595
1062.1446613080655,-22.93960567607781
1064.70645307574,-22.932202543569367
1067.268244843415,-22.924244784665216
1069.8300366110896,-22.915726300408824
1072.3918283787646,-22.90664146714886
1074.953620146439,-22.89698514213761
1077.515411914114,-22.886752668409947
1080.0772036817887,-22.875939878934258
1082.6389954494637,-22.864543100028452
1085.2007872171382,-22.852559154035948
1087.7625789848132,-22.839985361258588
1090.3243707524878,-22.82681954114532
1092.8861625201628,-22.813060012737246
1095.4479542878373,-22.79870559437136
1098.0097460555123,-22.783755602646696
1100.5715378231869,-22.768209850658256
1103.1333295908619,-22.752068645506167
1105.6951213585364,-22.735332785090204
1108.256913126211,-22.71800355420317
1110.818704893886,-22.70008271994042
1113.3804966615605,-22.68157252644639
1115.9422884292355,-22.66247568902293
1118.50408019691,-22.642795387627196
1121.065871964585,-22.622535259789455
1123.6276637322596,-22.601699392981914
1126.1894554999346,-22.580292316469848
1128.7512472676092,-22.558318992675467
1131.3130390352842,-22.535784808083513
1133.8748308029587,-22.512695563716026
1136.4366225706337,-22.48905746520162
1138.9984143383083,-22.464877112462535
1141.5602061059833,-22.440161489040626
1144.1219978736578,-22.41491795108095
1146.6837896413329,-22.38915421598961
1149.2455814090074,-22.362878350780537
1151.8073731766824,-22.336098760124234
1154.369164944357,-22.308824174110004
1156.9309567120315,-22.281063635732156
1159.4927484797065,-22.252826488109534
1162.054540247381,-22.22412236144697
1164.616332015056,-22.1949611597463
1167.1781237827306,-22.165353047274028
1169.7399155504056,-22.13530843479224
1172.3017073180802,-22.10483796555899
1174.8634990857552,-22.073952501104166
1177.4252908534297,-22.04266310678685
1179.9870826211047,-22.010981037139945
1182.5488743887793,-21.978917721007985
1185.1106661564543,-21.94648474648399
1187.6724579241288,-21.913693845651466
1190.2342496918038,-21.880556879137906
1192.7960414594784,-21.847085820486416
1195.3578332271534,-21.813292740352512
1197.919624994828,-21.779189790533614
1200.481416762503,-21.744789187839658
1203.0432085301775,-21.71010319781431
1205.6050002978525,-21.675144118317377
1208.166792065527,-21.639924262980184
1210.7285838332016,-21.604455944546828
1213.2903756008766,-21.56875145811529
1215.8521673685511,-21.53282306429371
1218.4139591362261,-21.49668297228842
1220.9757509039007,-21.46034332294194
1223.5375426715757,-21.423816171740423
1226.0993344392502,-21.387113471811613
1228.6611262069252,-21.350247056935668
1231.2229179745998,-21.313228624592146
1233.7847097422748,-21.276069719067333
1236.3465015099493,-21.238781714646425
1238.9082932776244,-21.20137579891503
1241.470085045299,-21.16386295619408
1244.031876812974,-21.12625395113162
1246.5936685806485,-21.088559312474178
1249.1554603483235,-21.0507893170396
1251.717252115998,-21.012953973912403
1254.279043883673,-20.975063008881882
1256.8408356513476,-20.937125849142557
1259.4026274190226,-20.8991516082758
1261.9644191866971,-20.861149071531216
1264.5262109543717,-20.823126681425574
1267.0880027220467,-20.785092523676795
1269.6497944897212,-20.74705431348971
1272.2115862573962,-20.709019382209718
1274.7733780250708,-20.67099466435967
1277.3351697927458,-20.6329866850744
1279.8969615604203,-20.595001547946186
1282.4587533280953,-20.55704492329326
1285.0205450957699,-20.519122036862274
1287.5823368634449,-20.481237658975058
1290.1441286311194,-20.4433960941302
1292.7059203987944,-20.405601171070728
1295.267712166469,-20.36785623333094
1297.829503934144,-20.33016413027728
1300.3912957018185,-20.292527208659838
1302.9530874694935,-20.254947304692646
1305.514879237168,-20.217425736681484
1308.076671004843,-20.17996329821786
1310.6384627725176,-20.142560251956954
1313.2002545401926,-20.105216323996057
1315.7620463078672,-20.067930698868782
1318.3238380755417,-20.030702015169155
1320.8856298432167,-19.993528361818775
1323.4474216108913,-19.95640727498932
1326.0092133785663,-19.9193357356922
1328.5710051462409,-19.882310168046367
1331.1327969139159,-19.845326438234533
1333.6945886815904,-19.808379854157074
1336.2563804492654,-19.771465165791707
1338.81817221694,-19.734576566265865
1341.379963984615,-19.697707693647438
1343.9417557522895,-19.660851633458243
1346.5035475199645,-19.624000921913282
1349.065339287639,-19.587147549887444
1351.627131055314,-19.550282967609974
1354.1889228229886,-19.51339809008541
1356.7507145906636,-19.476483303238066
1359.3125063583382,-19.439528470775173
1361.8742981260132,-19.40252294176186
1364.4360898936877,-19.36545555889911
1366.9978816613623,-19.328314667494016
1369.5596734290373,-19.291088125109702
1372.1214651967118,-19.253763311880608
1374.6832569643868,-19.216327141476835
1377.2450487320614,-19.178766072699492
1379.8068404997364,-19.14106612168722
1382.368632267411,-19.103212874712842
1384.930424035086,-19.065191501548465
1387.4922158027605,-19.02698676937737
1390.0540075704355,-18.988583057231203
1392.61579933811,-18.94996437093128
1395.177591105785,-18.911114358513053
1397.7393828734596,-18.872016326112927
1400.3011746411346,-18.832653254296577
1402.8629664088091,-18.79300781480791
1405.4247581764841,-18.75306238771764
1407.9865499441587,-18.712799078950333
1410.5483417118337,-18.67219973816882
1413.1101334795082,-18.63124597699471
1415.6719252471833,-18.589919187543586
1418.2337170148578,-18.54820056125356
1420.7955087825324,-18.506071107985704
1423.3573005502074,-18.46351167537529
1425.919092317882,-18.42050296841312
1428.480884085557,-18.377025569237084
1431.0426758532315,-18.333059957114816
1433.6044676209065,-18.288586528599453
1436.166259388581,-18.243585617841575
1438.728051156256,-18.198037517041598
1441.2898429239306,-18.15192249702795
1443.8516346916056,-18.1052208279472
1446.4134264592801,-18.057912800052947
1448.9752182269551,-18.009978744580586
1451.5370099946297,-17.961399054695168
1454.0988017623047,-17.912154206499306
1456.6605935299792,-17.862224780087463
1459.2223852976542,-17.811591480632107
1461.7841770653288,-17.760235159486324
1464.3459688330038,-17.708136835286727
1466.9077606006783,-17.655277715039755
1469.4695523683533,-17.601639215174206
1472.0313441360279,-17.547202982542842
1474.5931359037024,-17.491950915356934
1477.1549276713774,-17.43586518403912
1479.716719439052,-17.378928251982366
1482.278511206727,-17.321122896205214
1484.8403029744015,-17.262432227895967
1487.4020947420765,-17.20283971284061
1489.963886509751,-17.142329191730568
1492.525678277426,-17.080884900346792
1495.0874700451006,-17.018491489616235
1497.6492618127756,-16.955134045535633
1500.2110535804502,-16.89079810895644
1502.7728453481252,-16.825469695223504
1505.3346371157998,-16.759135313658813
1507.8964288834748,-16.69178198688032
1510.4582206511493,-16.623397269944714
1513.0200124188243,-16.55396926930159
1515.5818041864989,-16.483486661545236
1518.1435959541739,-16.411938711949023
1520.7053877218484,-16.33931529276598
1523.2671794895234,-16.265606901277934
1525.828971257198,-16.190804677574206
1528.3907630248725,-16.11490042203954
1530.9525547925475,-16.037886612529512
1533.514346560222,-15.959756421210406
1536.076138327897,-15.880503731039049
1538.6379300955716,-15.800123151856818
1541.1997218632466,-15.718610036070608
1543.7615136309212,-15.63596049389212
1546.3233053985962,-15.552171408105272
1548.8850971662707,-15.467240448329772
1551.4468889339457,-15.381166084747138
1554.0086807016203,-15.293947601253405
1556.5704724692953,-15.205585108001017
1559.1322642369698,-15.116079553290392
1561.6940560046448,-15.02543273477019
1564.2558477723194,-14.933647309904087
1566.8176395399944,-14.840726805661616
1569.379431307669,-14.746675627391243
1571.941223075344,-14.651499066835056
1574.5030148430185,-14.55520330924602
1577.064806610693,-14.457795439570404
1579.626598378368,-14.359283447659617
1582.1883901460426,-14.259676232477494
1584.7501819137176,-14.158983605270997
1587.3119736813921,-14.05721629167405
1589.8737654490672,-13.95438593271628
1592.4355572167417,-13.850505084710539
1594.9973489844167,-13.745587217995476
1597.5591407520913,-13.639646714511777
1600.1209325197663,-13.53269886419343
1602.6827242874408,-13.424759860158025
1605.2445160551158,-13.315846792682802
1607.8063078227904,-13.20597764195601
1610.3680995904654,-13.095171269595998
1612.92989135814,-12.983447408933317
1615.491683125815,-12.870826654054136
1618.0534748934895,-12.75733044760605
1620.6152666611645,-12.642981067370501
1623.177058428839,-12.527801611608968
1625.738850196514,-12.411815983193092
1628.3006419641886,-12.295048872532014
1630.8624337318631,-12.177525739313252
1633.4242254995381,-12.05927279307638
1635.9860172672127,-11.940316972641549
1638.5478090348877,-11.820685924417463
1641.1096008025622,-11.700407979615763
1643.6713925702372,-11.57951213040104
1646.2331843379118,-11.458028005007954
1648.7949761055868,-11.335985841859262
1651.3567678732613,-11.213416462721069
1653.9185596409363,-11.090351244934435
1656.4803514086109,-10.966822092765815
1659.042143176286,-10.84286140792264
1661.6039349439604,-10.718502059284706
1664.1657267116354,-10.593777351906676
1666.72751847931,-10.468720995351616
1669.289310246985,-10.343367071419326
1671.8511020146595,-10.217750001336118
1674.4128937823345,-10.0919045124742
1676.974685550009,-9.965865604669357
1679.536477317684,-9.83966851620554
1682.0982690853587,-9.71334868953465
1684.6600608530332,-9.586941736799272
1687.2218526207082,-9.460483405225379
1689.7836443883828,-9.334009542450975
1692.3454361560578,-9.207556061855518
1694.9072279237323,-9.081158907953494
1697.4690196914073,-8.954854021914127
1700.0308114590819,-8.828677307267837
1702.5926032267569,-8.702664595858952
1705.1543949944314,-8.576851614103436
1707.7161867621064,-8.45127394960968
1710.277978529781,-8.325967018219442
1712.839770297456,-8.200966031524542
1715.4015620651305,-8.07630596491286
1717.9633538328055,-7.95202152619454
1720.52514560048,-7.828147124856295
1723.086937368155,-7.70471684198842
1725.6487291358296,-7.581764400925702
1728.2105209035046,-7.459323138639962
1730.7723126711792,-7.337425977918639
1733.3341044388542,-7.216105400360572
1735.8958962065287,-7.0953934202169595
1738.4576879742033,-6.97532155910234
1741.0194797418783,-6.855920821597427
1743.5812715095528,-6.737221671762562
1746.1430632772278,-6.619254010577687
1748.7048550449024,-6.50204715432192
1751.2666468125774,-6.38562981390322
1753.828438580252,-6.27003007514619
1756.390230347927,-6.155275380043859
1758.9520221156015,-6.041392508977129
1761.5138138832765,-5.928407563903473
1764.075605650951,-5.816345952514428
1766.637397418626,-5.7052323733594585
1769.1991891863006,-5.595090801931843
1771.7609809539756,-5.485944477710431
1774.3227727216502,-5.377815892149506
1776.8845644893252,-5.270726777607555
1779.4463562569997,-5.164698097204513
1782.0081480246747,-5.059750035595882
1784.5699397923493,-4.955901990650963
1787.1317315600238,-4.8531725660214
1789.6935233276988,-4.751579564585238
1792.2553150953734,-4.6511399827509
1794.8171068630484,-4.5518700056049095
1797.378898630723,-4.453785002886803
1799.940690398398,-4.356899525774577
1802.5024821660725,-4.261227304463989
1805.0642739337475,-4.166781246524948
1807.626065701422,-4.073573436017972
1810.187857469097,-3.981615133353026
1812.7496492367716,-3.8909167758721668
1815.3114410044466,-3.801487979136299
1817.8732327721211,-3.7133375388953267
1820.4350245397961,-3.6264734337199864
1822.9968163074707,-3.540902828272861
1825.5586080751457,-3.456632077195324
1828.1203998428202,-3.3736667295864926
1830.6821916104952,-3.29201153404954
1833.2439833781698,-3.2116704442800628
1835.8057751458448,-3.1326466251705023
1838.3675669135193,-3.054942459404115
1840.929358681194,-2.978559554511938
1843.491150448869,-2.903498750366983
1846.0529422165434,-2.829760127091648
1848.6147339842184,-2.75734301335677
1851.176525751893,-2.6862459950533357
1853.738317519568,-2.616466924320006
1856.3001092872425,-2.5480029289109005
1858.8619010549176,-2.4808504218886354
1861.423692822592,-2.4150051116276616
1863.985484590267,-2.35046201211287
1866.5472763579417,-2.2872154535182707
1869.1090681256167,-2.225259093050425
1871.6708598932912,-2.164585926041151
1874.2326516609662,-2.1051882972738696
1876.7944434286408,-2.0470579125277997
1879.3562351963158,-1.9901858503240324
1881.9180269639903,-1.9345625738573038
1884.4798187316653,-1.8801779430970784
1887.0416104993399,-1.8270212270413575
1889.6034022670149,-1.7750811161065585
1892.1651940346894,-1.7243457346369495
1894.726985802364,-1.6748026535174947
1897.288777570039,-1.6264389028745339
1899.8505693377135,-1.5792409848493514
1902.4123611053885,-1.5331948864302483
1904.974152873063,-1.4882860923290822
1907.535944640738,-1.444499597888378
1910.0977364084126,-1.4018199220049865
1912.6595281760876,-1.360231120055914
1915.2213199437622,-1.319716796811486
1917.7831117114372,-1.2802601193204939
1920.3449034791117,-1.2418438297514622
1922.9066952467867,-1.2044502581736678
1925.4684870144613,-1.1680613352610543
1928.0302787821363,-1.1326586049017995
1930.5920705498108,-1.0982232366961748
1933.1538623174858,-1.0647360383257014
1935.7156540851604,-1.0321774677776143
1938.2774458528354,-1.0005276454101808
1940.83923762051,-0.9697663658461407
1943.4010293881845,-0.9398731096831862
1945.9628211558595,-0.9108270550118462
1948.524612923534,-0.8826070887324239
1951.086404691209,-0.855191817663786
1953.6481964588836,-0.8285595794378617
1956.2099882265586,-0.8026884531746283
1958.7717799942332,-0.7775562699332624
1961.3335717619082,-0.7531406229360965
1963.8953635295827,-0.7294188775631854
1966.4571552972577,-0.7063681811166239
1969.0189470649323,-0.6839654723552603
1971.5807388326073,-0.6621874908020765
1974.1425306002818,-0.6410107858282253
1976.7043223679568,-0.6204117255194282
1979.2661141356314,-0.6003665053321001
1981.8279059033064,-0.5808511565481359
1984.389697670981,-0.5618415545387132
1986.951489438656,-0.5433134268486838
1989.5132812063305,-0.5252423611141215
1992.0750729740055,-0.507603812826399
1994.63686474168,-0.49037311295684316
1997.1986565093546,-0.47352547545660545
1999.7604482770296,-0.45703600464683025
2002.3222400447041,-0.44087970251445247
2004.8840318123791,-0.42503147592895
2007.4458235800537,-0.40946614379515833
2010.0076153477287,-0.39415844415689427
2012.5694071154032,-0.3790830412656912
2015.1311988830782,-0.36421453262844644
2017.6929906507528,-0.3495274560472915
2020.2547824184278,-0.33499629666468833
2022.8165741861023,-0.3205954940268516
2025.3783659537773,-0.3062994491791399
2027.940157721452,-0.2920825318077899
2030.501949489127,-0.27791908744280663
2033.0637412568014,-0.26378344473652815
2035.6255330244765,-0.24964992283118162
2038.187324792151,-0.23549283882681796
2040.749116559826,-0.2212865153586752
2043.3109083275006,-0.20700528829046455
2045.8727000951756,-0.1926235145273164
2048.4344918628503,-0.17811557994914384
2050.996283630525,-0.16345590746200894
2053.5580753981994,-0.14861896516183168
2056.119867165874,-0.1335792746016375
2058.6816589335494,-0.1183114191506922
2061.243450701224,-0.1027900524314408
2063.8052424688985,-0.08698990681817613
2066.367034236573,-0.07088580197975262
2068.9288260042485,-0.05445265344733676
2071.490617771923,-0.037665481187047996
2074.0524095395976,-0.020499418156296474
2076.614201307272,-0.0029297188216336045
2079.1759930749477,0.015068232384932746
2081.737784842622,0.03351891269483407
2084.2995766102968,0.05244665274105939
2086.8613683779713,0.07187562842957805
2089.4231601456468,0.09182985296802969
2091.9849519133213,0.11233316907542719
2094.546743680996,0.13340924139639473
2097.1085354486704,0.15508154914329803
2099.670327216346,0.17737337898954558
2102.2321189840204,0.2003078182373451
2104.793910751695,0.22390774828324464
2107.3557025193695,0.248195838404735
2109.917494287045,0.2731945398907313
2112.4792860547195,0.2989260805375436
2115.041077822394,0.32541245952992937
2117.6028695900686,0.3526754427243674
2120.164661357744,0.38073655834936065
2122.7264531254186,0.4096170931357286
2125.288244893093,0.43933808888861425
2127.8500366607677,0.46992033951225143
2130.411828428443,0.5013843884982683
2132.9736201961177,0.533750526888224
2135.5354119637923,0.5670387917209758
2138.0972037314664,0.6012689649752144
