-1991.511125760255,0.0
-1989.0891725909578,0.06599307781095831
-1987.85329205952,-0.3505952715121339
-1985.4298982698901,-0.28456293985811953
-1983.006507155675,-0.21853068110340246
-1980.5838621467542,-0.12521489440382538
-1978.1604764125761,-0.059182782243738075
-1974.5582526352728,0.4892173386307377
-1972.136318251365,0.5552099045796695
-1972.1355752747738,0.5279425824689952
-1968.5390976127674,1.0756654381524413
-1964.946909304469,1.6227353912661329
-1961.3590026957402,2.169153608129818
-1958.9414067023229,2.235027962155982
-1956.5238134669348,2.300902241031622
-1954.1062229997056,2.36677644448082
-1952.8517393843017,1.9523030723412376
-1950.4327137301657,2.0182163815842387
-1948.0136908765467,2.0841296145191563
-1946.7548346208027,1.669240318503853
-1944.3343749322426,1.7351927021379652
-1941.914660610604,1.8283960710956535
-1939.4942065992796,1.8943483000372225
-1937.0737554423706,1.960300451201988
-1934.653307150478,2.0262525243010714
-1934.652564616926,1.999001461774128
-1932.2321192007034,2.064953456517401
-1928.6616101174181,2.6114326968124715
-1926.242612939793,2.6773452301310954
-1923.8236186683841,2.7432576842614935
-1921.4046273140523,2.809170058907739
-1918.9856388877124,2.8750823537724273
-1914.145171408222,1.484872459561302
-1911.7289760898973,1.5507086481671877
-1908.176963876199,2.0965204975445886
-1905.76221137277,2.162317372510188
-1901.085610798303,3.1861981194526834
-1897.546991982898,3.7571170199177004
-1894.011839427748,4.300323433313679
-1891.6028302901748,4.365963813763074
-1891.602093650316,4.3389290504198925
-1888.072569447369,4.8814680419673095
-1887.9045018276663,3.9927834877063333
-1886.6143878711814,3.5805081964414285
-1885.32274270774,3.167742608102799
-1882.9094509140737,3.233499681831063
-1879.3788142688475,3.7776622032978366
-1875.8523736244763,4.321178373446969
-1871.2196054348829,5.34067550292059
-1867.7042781100433,5.88229847540515
-1865.3637403233347,8.354915319741622
-1860.7516293943847,9.367824905389853
-1858.3483594158306,9.433308905950184
-1857.045323573263,9.052550569886876
-1855.7400077198802,8.644251224546906
-1854.4331463798198,8.235467458491371
-1854.43240780997,8.208361864269705
-1855.3261653599386,6.847613057902549
-1857.3286706452238,5.003759117739264
-1854.9111046602304,5.069632654099564
-1852.4935416639207,5.135506109024618
-1848.9747459645082,5.679507086899321
-1848.7595322074114,4.788594547674961
-1846.3405375115426,4.854507013371062
-1845.0210816583965,4.441268927625742
-1842.6006505987991,4.5072205311813605
-1840.180222601968,4.573172051283223
-1838.8563130722807,4.159519291965694
-1836.4344470711746,4.225509994628624
-1834.0133271473662,4.318767934914604
-1831.591467359836,4.384758468270775
-1828.0788715139224,4.930179451038157
-1825.6584621472111,4.996130463508848
-1825.657719613659,4.968879400981905
-1820.924944802654,3.5753636264918214
-1818.5073267552277,3.6412385814427353
-1817.1720058447877,3.2275254702390157
-1814.752952860287,3.2934395241763923
-1813.4146028130447,2.8792721612852574
-1812.0746586401115,2.46461048486276
-1809.652727809813,2.5306029539834753
-1807.2307999537422,2.5965953420627557
-1804.8088750837378,2.6625876487780715
-1801.3121846051336,3.2090373428005705
-1798.8917099403225,3.2749901345057424
-1796.47123829567,3.3409428439180147
-1792.9816095106253,3.8866623717261746
-1790.5633261260016,3.9797231537568223
-1788.1443060833155,4.0456363100997805
-1785.7252891076894,4.111549382871885
-1785.7245493948394,4.084401840420583
-1783.3055354986127,4.1503148292855485
-1780.8865246941898,4.216227733905498
-1778.4675169940433,4.282140553940394
-1776.0485124107115,4.348053289048835
-1773.6295109568016,4.413965938887031
-1771.2105126449876,4.479878503109944
-1767.7380383233387,5.02459381901042
-1765.3204870677794,5.090466954024919
-1761.8535920033642,5.634494416343159
-1759.4374861328388,5.700328167686621
-1757.0213834650028,5.766161831763611
-1754.605284012933,5.831995408217722
-1752.1891877897783,5.897828896690839
-1750.8159860136245,5.512835306441843
-1748.3984572828354,5.578707827704193
-1747.0214448930021,5.166146901610432
-1747.0207051801522,5.138999359159129
-1745.6420534043057,4.725930132741155
-1743.221651379007,4.79188094517383
-1740.8012526689586,4.8578316672731034
-1739.41807736976,4.444347947185861
-1738.0332538646535,4.030370424003763
-1735.6099751664347,4.096399619661383
-1733.1866998426879,4.162428723371818
-1725.4711915331711,4.206957246380625
-1725.1087316514243,3.3142907495416694
-1723.7169391075213,2.9001354765820224
-1726.4438799726245,0.5573273599999311
-1726.0808580992732,-0.34398645517160276
-1724.682986243296,-0.7623190505103139
-1723.283441474371,-1.1811533306711226
-1720.850659075976,-1.0876219124045292
-1718.4171381263993,-1.0213136371596647
-1715.9836204095889,-0.95500545000084
-1715.9828786391743,-0.9822285053052155
-1713.5493641687378,-0.9159204066031634
-1711.0422642558756,-0.8476072609458924
-1708.6086527681975,-0.781296518730187
-1705.1527704332914,-0.2301621665735638
-1702.7206230721308,-0.16389131869448192
-1701.3078363317134,-0.5823647832680763
-1699.9597316812515,1.4345948222463676
-1698.5435978092712,1.0165782981397342
-1698.145673252456,0.11256816481852638
-1697.7467940793815,-0.7936177688674206
-1695.3044214053368,-0.7270683029386191
-1693.881234293383,-1.1476449147248786
-1696.5443944076012,-3.525309209070997
-1694.0931819631458,-3.4585188781808256
-1689.6013912904966,-2.4124192438138152
-1687.1538906427581,-2.318234636940133
-1684.7056445448982,-2.2515251326918815
-1684.2891134841962,-3.1638502217743962
-1684.2883639442432,-3.191358419982862
-1681.8371674478285,-3.1245685236428926
-1680.4007089100496,-3.5481192193262814
-1677.9480378081132,-3.4812891431189428
-1675.4953699672494,-3.4144591557688955
-1674.0542185245986,-3.8384414611911097
-1672.6113266955078,-4.26293684159873
-1670.1557011999257,-4.196026264441912
-1667.700079026589,-4.129115777809261
-1665.2444601900113,-4.062205382096181
-1662.7888447047937,-3.9952950777005753
-1660.3332325856209,-3.928384865022508
-1658.8811817309481,-4.353192196113241
-1655.2812685358317,-6.249119699220387
-1653.8260580442713,-6.675329066532299
-1652.3690878409263,-7.10205482312449
-1649.9104090376168,-7.03506104981966
-1648.450938831639,-7.434743584160515
-1645.9907762154598,-7.367709380107726
-1643.5306167679691,-7.300675262394861
-1643.5298669055135,-7.328195296484182
-1641.0697106407831,-7.26116126549482
-1638.609557572966,-7.194127321614587
-1636.1494077163013,-7.127093465231496
-1633.6892610851114,-7.060059696735607
-1630.2410927890837,-6.499113974487159
-1628.7689775568745,-6.925992424978745
-1626.308840688902,-6.858958922509828
-1624.8334546528297,-7.2863146428595655
-1622.3718324746349,-7.2192406688429855
-1620.8931688383807,-7.647074504919601
-1618.4300596068517,-7.579960011859384
-1616.948111557245,-8.008272811576376
-1614.4835135268133,-7.941117751909246
-1612.0189188760276,-7.873962784330388
-1610.5321856564333,-8.302714691328106
-1608.0661004915369,-8.235519110406699
-1605.600770439343,-8.140736711440013
-1603.1346921460222,-8.073541317754348
-1599.696748084737,-7.510619180806202
-1599.6959968564117,-7.53818934246226
-1597.2314228085922,-7.471034936270485
-1594.7668522496647,-7.403880625143529
-1592.302285195619,-7.336726409517155
-1589.837721662541,-7.269572289829739
-1588.337543903353,-7.697957861689815
-1586.8355457775965,-8.126864364013272
-1586.2966246030885,-9.05356118858515
-1587.691422543169,-10.981221390232577
-1586.182621982665,-11.413965555486698
-1584.6719816911527,-11.847238523897659
-1583.1594983119478,-12.281041265614022
-1581.6451684802603,-12.715374753160518
-1580.1289888231668,-13.150239961446005
-1577.5018021358458,-15.565632055805281
-1575.0175535907956,-15.497941561367384
-1572.5333084319855,-15.430251159197269
-1570.0490666752744,-15.362560849727288
-1566.6060730899305,-14.791047620540098
-1564.124111927347,-14.695714823256253
-1561.6413998806986,-14.628066195135148
-1561.640645548471,-14.65575027034265
-1558.2049064424198,-14.085018694372593
-1555.7237188868585,-14.017411605394386
-1553.2425348263826,-13.949804611649938
-1550.761354277541,-13.882197713589903
-1548.2801772569883,-13.814590911668347
-1545.7990037814834,-13.746984206341835
-1543.3178338678927,-13.679377598069891
-1541.7790752809162,-14.114564681484126
-1539.3640681699103,-11.563304606601037
-1536.881391515816,-11.495656942851838
-1535.3377629977626,-11.929774227998223
-1532.8535742449446,-11.862085362771609
-1530.3693891620028,-11.794396597541322
-1526.9507214009857,-11.225067282444456
-1524.4680630856096,-11.157420118386426
-1521.9854084911394,-11.089773055715
-1520.4326858838106,-11.52364254625138
-1517.9485194173628,-11.455954288280964
-1516.392381441688,-11.890313911263775
-1514.8350983677085,-12.297382377385247
-1514.203540575163,-13.236587389046122
-1514.202781511941,-13.264445092265532
-1512.6405345174326,-13.700981780183838
-1510.1487623615228,-13.633086283335842
-1508.5830733226687,-14.070117763448025
-1506.0897783826908,-14.002180773969712
-1503.5964873656299,-13.934243891382494
-1501.103200290759,-13.866307116211601
-1498.6099171774795,-13.798370448985679
-1497.0361934466998,-14.235772666677917
-1495.4605380220717,-14.673713003624584
-1493.8829473572139,-15.112192453816988
-1492.3034178971411,-15.551212013697977
-1483.265938174136,-14.434516545287579
-1480.7771389560812,-14.366702054679308
-1479.1952687765727,-14.803645113913035
-1476.7049500596563,-14.735789220189417
-1475.1196164160428,-15.173227282045218
-1472.627776408586,-15.105329936386738
-1471.0389720585308,-15.543263889597597
-1468.5456089665433,-15.47532504312187
-1466.052249667826,-15.407386300004646
-1463.5588941814874,-15.33944766076661
-1461.96431257945,-15.749974892091132
-1461.963554538152,-15.777795090594054
-1461.2649433902047,-16.7241725287829
-1458.766996360451,-16.65610877974268
-1458.063593034799,-17.60473497117289
-1455.562575644173,-17.536587561322676
-1453.061562195419,-17.46844025888015
-1450.5605527086302,-17.400293064392713
-1447.1678849212753,-16.823655891368617
-1442.8914635143624,-15.740530819977494
-1440.3950804218919,-15.672509684905322
-1437.8987013656767,-15.604488659812546
-1435.402326366466,-15.536467745264417
-1433.7877437254267,-15.975477220181915
-1433.937109186578,-17.432130767048875
-1433.2017934239175,-18.383472933748976
-1431.5798803748287,-18.825868208339102
-1430.8402931823446,-19.78069947170445
-1428.330048626417,-19.71230064120516
-1426.7021225380233,-20.156339832705385
-1424.190333099684,-20.08789890744299
-1421.6785479379607,-20.019458098709265
-1419.1667670752227,-19.95101740711368
-1417.5321762866463,-20.395479825352254
-1415.0188488127073,-20.326996991887654
-1413.381448173748,-20.743923699231573
-1413.380684026789,-20.77196797616125
-1410.8658081166352,-20.70344295109976
-1409.2240618183448,-21.148923423639076
-1407.580283061512,-21.594956722665074
-1401.4382922949717,-21.98263426724054
-1399.7926176279746,-22.428351750822003
-1398.1449077373027,-22.87462165821546
-1395.629920222895,-22.80609359217533
-1393.9786162177668,-23.252874577506986
-1393.1895290388654,-24.21675621636234
-1390.669870417229,-24.148100872575128
-1388.1502159382253,-24.07944564166587
-1385.630565624106,-24.01079052424086
-1383.969994602561,-24.459152844451296
-1381.4487876906262,-24.390455313043162
-1378.927585013923,-24.32175789703615
-1377.2618287250075,-24.770592490141098
-1375.5940048864597,-25.219985452026776
-1374.7796041260974,-26.189318705662345
-1373.107124961675,-26.640435831906075
-1371.5015458713071,-24.560501957971383
-1369.8249438331395,-25.011166058847948
-1368.1462530799652,-25.46239290703329
-1366.4654697221276,-25.91418355767985
-1364.7825898604256,-26.366539068583165
-1362.2456735800909,-26.297413490264717
-1359.7095326577366,-26.19999837088301
-1359.7087618244916,-26.228288035235664
-1357.171854618602,-26.159162704176538
-1354.6349519875803,-26.090037497772755
-1352.0980539567695,-26.020912416715078
-1349.5611605517026,-25.95178746169904
-1347.0242717980998,-25.882662633425525
-1344.4873877218724,-25.813537932600525
-1342.7897519440903,-26.266114528627895
-1341.0899962014093,-26.719257682473994
-1338.5499512585375,-26.650046854749007
-1336.8464858767588,-27.103714423972974
-1334.3048600344418,-27.034460520097127
-1332.5976771578673,-27.4886534663907
-1331.7232947275538,-28.4681332381233
-1331.6832046978661,-29.976727718052075
-1329.9679455497176,-30.43448548489755
-1329.086962273069,-31.421376582885614
-1326.5309614081045,-31.35173099018607
-1324.6592768945627,-34.36776711862899
-1321.2689652565828,-33.767372352879875
-1318.71282644698,-33.69772300148202
-1316.1566921812587,-33.62807377389527
-1312.773878682812,-33.02852273247299
-1310.219362220894,-32.95891758660241
-1307.6648503788201,-32.88931256661283
-1305.9322010819988,-33.34947811595919
-1304.1973729114864,-33.81022371158349
-1301.6396558109254,-33.74053135511042
-1301.6386598329689,-33.77708385498761
-1299.0819434441246,-33.670839127622344
-1297.3417164413065,-34.13207824198162
-1295.5992983635688,-34.59389949218894
-1293.0383729850232,-34.52411971695756
-1290.3999223741155,-34.45222754386634
-1288.6518847242155,-34.914538726259366
-1286.0892049762724,-34.84471114818962
-1282.7167336536415,-34.24287697611226
-1280.1556794445219,-34.17309369052157
-1277.594629627105,-34.10331052459537
-1275.0335842274067,-34.03352747904273
-1273.2758718974499,-34.495575046960425
-1270.7132185960945,-34.42574818950402
-1268.150569794585,-34.355921454658755
-1265.5879255197876,-34.286094843156775
-1263.8231539515323,-34.7485943340904
-1261.2588999644088,-34.67872386134786
-1258.694650588806,-34.60885351425941
-1256.13040585248,-34.538983293581396
-1253.5661657834082,-34.469113200076094
-1251.792702805755,-34.932021362586624
-1249.2268512769854,-34.862107360228606
-1246.6610045037708,-34.792193487449254
-1244.0951625150226,-34.72227974503653
-1241.5293253398877,-34.65236613378454
-1239.747151131094,-35.11568365261769
-1237.1797007573073,-35.04572608513001
-1234.6122552891068,-34.97576865130918
-1232.0448147566217,-34.905811351976126
-1228.553875203861,-36.86753908973469
-1225.987910480099,-36.79762200305356
-1225.9869145154385,-36.83417401496047
-1222.6490998811985,-36.19379255276351
-1219.3145093514274,-35.5907256332639
-1216.7517976798817,-35.520897185343756
-1214.1890904623458,-35.4510688587859
-1211.6263877265765,-35.3812406543467
-1209.8274694686593,-35.84443036682035
-1207.2631568964182,-35.774558297757835
-1205.4603525906437,-36.23828966655742
-1203.6552723013576,-36.70260779124965
-1201.0877296287217,-36.63264770881449
-1197.7625935197884,-36.028542087713845
-1195.1966831674752,-35.958626482539216
-1192.700717942993,-33.32189033095244
-1189.3829946838603,-32.72025816100313
-1186.8187194837897,-32.65038711025272
-1184.254449089633,-32.58051619045341
-1181.6901835321046,-32.51064540244181
-1179.1259228421807,-32.440774747062164
-1177.3053849190235,-32.90240021733041
-1174.7395131664798,-32.832485663917396
-1172.173646379208,-32.76257124579763
-1170.3475744593577,-33.224692645276264
-1167.780094766326,-33.154734278901515
-1165.2126201388235,-33.08477605055168
-1162.6451506097844,-33.014817961124095
-1160.0776862124287,-32.94486001152404
-1156.778551741972,-32.34308762770752
-1154.2127206253854,-32.273174181538025
-1150.9193856452541,-31.672206540372372
-1148.3551858821306,-31.602337545118644
-1145.067638515873,-31.002173098149683
-1142.5050681849552,-30.93234850146132
-1140.6626185058233,-31.392731428920342
-1138.0984401356368,-31.322863016578594
-1138.0974416409954,-31.35950787905813
-1135.5332687079951,-31.28963961486818
-1133.6852637649863,-31.750539848033668
-1130.9733922818907,-34.20867826454139
-1128.4074429991258,-34.13876159859467
-1125.8414985351394,-34.068845063949425
-1123.275558922317,-33.998928661488094
-1121.4184854357095,-34.46183008202593
-1118.8509326445314,-34.391869723881996
-1116.2833848065638,-34.32190950070253
-1113.7158419553973,-34.251949413402826
-1111.1483041249262,-34.18198946290636
-1108.5807713493523,-34.11202965014513
-1105.3141202474735,-33.50951762122054
-1102.0516014283658,-32.907766959828564
-1098.793207100816,-32.30677622494136
-1096.2305576056492,-32.236949471195544
-1093.6679133312261,-32.167122859703795
-1091.1052743136022,-32.097296391448594
-1088.5426405891662,-32.02747006742163
-1085.9800121946432,-31.957643888623352
-1083.4173891670991,-31.887817856063975
-1080.8547715439433,-31.81799197076259
-1078.2921593629349,-31.74816623374818
-1075.7295526621836,-31.678340646059155
-1073.8448838563297,-32.13919383830034
-1071.95783797434,-32.60062980314069
-1069.3920082626348,-32.53071639525126
-1066.8261841943647,-32.46080314113351
-1064.2603658095159,-32.39089004187679
-1061.6945531484544,-32.32097709858124
-1059.1287462519276,-32.2510643123569
-1055.895501733933,-31.65011131346978
-1053.3313273337667,-31.58024300930265
-1050.1037957136894,-30.980093217618446
-1047.5412519161434,-30.910269343908112
-1045.6388396152993,-31.370639063611293
-1043.0746890121802,-31.30077140786318
-1040.510544466123,-31.230903917157093
-1038.602503622865,-31.69176781391195
-1036.0367505063439,-31.621856493078553
-1036.0357545416834,-31.65840850498546
-1034.1236888385256,-32.119834641184525
-1030.7561030210904,-34.083161555768356
-1028.1901775386534,-34.0132455383299
-1025.6242574521305,-33.94332966791876
-1023.0593356247191,-33.83697721618694
-1020.493426449633,-33.76706164308928
-1017.9275227908561,-33.69714622029926
-1015.3616246893152,-33.62723094893215
-1012.7957321863428,-33.557315830114135
-1010.2298453236822,-33.48740086498253
-1007.6639641434922,-33.417486054686265
-1005.0980886883538,-33.347571400385505
-1002.5322190012732,-33.27765690325202
-999.9663551256893,-33.20774256446953
-996.7704273031368,-32.60618367028428
-994.2760923248121,-29.971113333100334
-991.7118670244121,-29.90124364201006
-989.1476477099061,-29.83137411402265
-986.5834344269454,-29.76150475038196
-984.0192272216469,-29.691635552344678
-982.0754149055421,-30.151524752470095
-979.5095991393554,-30.081611724566415
-976.9437895959636,-30.01169886622074
-974.3779863234355,-29.941786178742632
-971.8121893703357,-29.87187366345563
-969.8594578614976,-30.33216860613743
-967.2920508080804,-30.262212219037792
-964.7246502269194,-30.192256008293498
-962.1572561686617,-30.122299975284363
-959.5898686844838,-30.05234412140487
-957.0224878260991,-29.982388448064285
-954.4551136457648,-29.912432956686303
-951.8877461962883,-29.842477648709973
-948.7203094339869,-29.242668999732928
-946.1545784601307,-29.17275828224001
-943.5888543745774,-29.102847752438834
-941.0231372323773,-29.032937411829266
-937.8645923278993,-28.43401981869215
-935.8917240011856,-28.893117304265274
-933.3260280252664,-28.823207540391877
-930.760339218861,-28.753297971872485
-927.4587127169832,-30.717586718089706
-924.8944434201486,-30.64771582819003
-922.3301802933373,-30.57784510641045
-919.7659233869402,-30.507974554123848
-917.2016727518986,-30.43810417271834
-914.6374284397114,-30.368233963597163
-912.0731905024426,-30.298363928179015
-909.5089589927293,-30.22849406789817
-907.5180239346896,-30.688721969390144
-904.9521845689687,-30.618808298449267
-904.9511917455108,-30.655245027879914
-902.9561277009428,-31.116034311361204
-900.388678663142,-31.04607678027628
-897.8212363334342,-30.976119431972734
-895.2538007681375,-30.906162267984996
-892.6863720242009,-30.836205289864893
-889.5562959555741,-30.23576682795624
-886.9905039196416,-30.165854446651565
-883.8660172210017,-29.56621913669187
-881.3018600605263,-29.496351302269773
-878.7387022032437,-29.390069949582198
-876.1745593174516,-29.32020250411483
-873.610423660982,-29.250335255631057
-871.0462952960951,-29.180468205827538
-868.4821742857677,-29.110601356420034
-865.9180606937031,-29.040734709144544
-863.353954584343,-28.97086826575685
-860.7898560228772,-28.90100202803319
-858.2257650752547,-28.831135997770502
-855.6616818081947,-28.76127017678698
-853.0976062891984,-28.69140456692162
-850.53353858656,-28.621539170035476
-847.9694787693779,-28.551673988011203
-845.9398171900633,-29.0108466740827
-842.8413830718747,-28.41194427619132
-840.2773473338829,-28.342079750273797
-837.7133197660321,-28.272215446975338
-835.1493004416275,-28.202351368293193
-832.5852894348537,-28.13248751624883
-830.0212868207877,-28.06262389288804
-826.7837682797414,-30.026066981883105
-824.2211552810837,-29.956241222589483
-822.1776009225217,-30.416006416128994
-819.6133834135043,-30.346136937337292
-817.0491731644307,-30.276267656363643
-813.9707751850765,-29.676940144499895
-811.4081984672592,-29.607115373782108
-808.845629207389,-29.537290806277497
-806.2830674746687,-29.467466443871785
-803.7205133391597,-29.397642288474003
-801.1579668717953,-29.327818342016712
-798.5954281443949,-29.257994606457146
-796.0328972296767,-29.18817108377641
-793.5402263727017,-26.5547654490764
-790.9777113051728,-26.484942358198055
-788.4152042740204,-26.41511948629386
-786.3491378922538,-26.872650627117878
-783.7850284082219,-26.80278409177754
-781.2209271981054,-26.73291778188377
-778.6568343413793,-26.66305169960208
-776.0927499185406,-26.59318584712605
-773.528674011123,-26.523320226677015
-770.8857723684403,-26.4513067724273
-768.3214580286248,-26.381434655202042
-765.7571507917377,-26.311562731516574
-763.1928507273554,-26.241691003266624
-760.6285579059668,-26.171819472372817
-758.0642723989855,-26.10194814078102
-755.4999942787686,-26.0320770104629
-752.9357236186294,-25.96220608341605
-750.3714604928549,-25.892335361664664
-747.8072049767211,-25.822464847259766
-745.2429571465108,-25.752594542280008
-742.6787170795278,-25.682724448831664
-740.1144848541182,-25.612854569049546
-737.5502605496835,-25.542984905097114
-734.9860442467017,-25.47311545916739
-732.4218360267441,-25.403246233482832
-729.8576359724948,-25.33337723029649
-726.2313636574029,-26.77143030439504
-723.2138734208544,-26.17506198323497
-720.6542910651721,-26.105318802523016
-718.0947154211395,-26.035575804689415
-715.5351465586167,-25.9658329916374
-712.9755845484354,-25.896090365297255
-710.8642414683874,-26.35270887608442
-708.3030785225229,-26.282922627648418
-706.187466795054,-26.740074003786958
-703.6247011879287,-26.670244086236835
-700.6196324376081,-26.073565047260104
-697.6183604800359,-25.47763863974228
-694.6208782159982,-24.88246344306731
-692.0629864912829,-24.8127663284572
-689.5051022983456,-24.743069419071844
-689.504115714494,-24.779277154268243
-686.9462391348393,-24.70958045232885
-684.3883702511507,-24.639883960088014
-681.8305091473138,-24.570187679831747
-679.7009488818977,-25.025684707821483
-677.1414908293374,-24.955944914105544
-674.5820408207836,-24.886205339571802
-672.8711123277134,-25.868577377257907
-670.3084470672547,-25.79875019394126
-667.7457901321884,-25.72892323747385
-665.1831416156261,-25.65909651039283
-662.620501612074,-25.5892700152732
-660.0578702174566,-25.519443754728854
-657.4952475291458,-25.449617731412786
-655.3463624101344,-25.906535818724137
-652.782138604313,-25.836666168357965
-650.2179238115566,-25.766796763578554
-647.2448458385643,-25.170316064916847
-644.6822681949269,-25.10049126897252
-642.1196998737729,-25.03066672704597
-639.5571409833994,-24.960842442088165
-636.994591633788,-24.89101841709578
-634.4320519366355,-24.821194655112436
-631.4708661555438,-24.225688429552065
-624.8224389230742,-21.47951662482535
-621.8874065300749,-20.890201005191784
-619.3438745836556,-20.820895164029253
-616.4141260297016,-20.23236139157507
-613.8722024249753,-20.163099374306285
-611.3302867855916,-20.093837574076133
-608.788379207829,-20.024575993507938
-605.8671015168145,-19.436909710352552
-603.3268010277051,-19.36769191953556
-601.5393741926594,-20.335760358541393
-598.9959072027066,-20.266456287304436
-596.4524487851447,-20.19715244964698
-593.9089990461549,-20.127848848462122
-592.9208993121296,-19.589651561965297
-590.7421459102303,-20.040586589263512
-588.1907297032883,-19.971065918753766
-585.6393226462834,-19.90154549756039
-583.0879248549375,-19.832025328836494
-580.9016537654511,-20.28339740371007
-578.7126404337548,-20.735337858771686
-576.8841569781839,-21.71062256830669
-574.688489350238,-22.164318311129364
-572.4900610756556,-22.618586810771603
-569.929063353017,-22.548805064317435
-567.3680758017141,-22.47902359501063
-564.4509780639796,-21.88536788076226
-561.8916259902259,-21.815630974743726
-559.3322844875639,-21.745894356764893
-556.4221200769681,-21.153075539524252
-553.1672895792352,-20.039281325548586
-550.6128125647398,-19.969677254536464
-548.4034715796611,-20.4217081396215
-546.1913575863057,-20.874308999497657
-543.6336951929768,-20.804618133680492
-541.0760443990305,-20.73492758392183
-538.5184053632015,-20.665237354546775
-536.298710641993,-21.118278410129733
-533.7394829904865,-21.048544894352972
-531.1802675987489,-20.97881171262884
-528.6210646376667,-20.909078869613722
-525.2520148453033,-22.349791383762522
-522.6956962506828,-22.280137133604853
-519.8120496090846,-21.68772276606535
-517.2573589284273,-21.618112873104337
-514.3789656541836,-21.02648798969915
-511.82590139020243,-20.956922413136795
-509.27284718572804,-20.887357110674657
-506.7198031864286,-20.81779208628177
-504.80174028329304,-21.792564853731278
-502.56197654464955,-22.24602473724383
-500.00413795293724,-22.176329070395127
-497.4463101984756,-22.106633698838436
-494.88849344207273,-22.03693862695536
-492.3306878477337,-21.967243859214932
-489.4644723651188,-21.374656890868096
-486.90830029454736,-21.305006633179573
-484.3521398906936,-21.23535669338412
-481.79599133106,-21.165707076318654
-478.9382563985313,-20.573998747795258
-476.38374071149326,-20.504393623038595
-474.1276185473364,-20.956760211360802
-471.86866572832173,-21.409697233205293
-469.31096854172176,-21.34000541934529
-467.0475802436426,-21.793470371560602
-464.4882966004475,-21.72373533012933
-461.92902637680726,-21.65400065435233
-459.3697697866478,-21.584266350058783
-456.8105270484647,-21.51453242320224
-454.25129838544666,-21.444798879863924
-451.6920840256015,-21.375065726256707
-449.41624879759866,-21.828841541818292
-447.1375548330964,-22.2831907097152
-444.5751535257068,-22.213370718558963
-442.01276750367214,-22.143551143896048
-439.45039702146806,-22.073731992660555
-436.88804233924867,-22.003913271940974
-434.32570372300614,-21.934094988985294
-431.49097552584266,-21.340415931942402
-428.3897315939784,-20.224988660043095
-423.8128158696556,-19.061693964415667
-422.32594837096815,-21.073933319167622
-419.7728972153096,-21.0043680997793
-417.2198583768525,-20.93480321600839
-414.6668320715049,-20.86523867373819
-412.1138185202498,-20.79567447898978
-409.56081794929514,-20.72611063792715
-407.0078305902285,-20.656547156860256
-404.4548566801785,-20.586984042250606
-402.1548240242609,-21.039116188493153
-399.6002711095798,-20.96951004936227
-397.3654344174315,-18.865153794507023
-394.80930153002083,-18.795504604476378
-392.2531833849778,-18.725855816143735
-389.69708025674237,-18.6562074369873
-387.3849376014198,-19.107695148807693
-384.8272547262134,-19.038003724902865
-382.2695877431286,-18.968312734024494
-379.7119369555316,-18.898622184438864
-377.15430267455747,-18.828932084623602
-374.5966852193603,-18.75924244327507
-371.80480337775265,-18.168680908705028
-369.24883113347965,-18.099036095858423
-366.69287671198,-18.029391768644587
-363.9077793968157,-17.439662660857493
-361.353470198467,-17.3700631624788
-359.0251239686434,-17.820461798469864
-356.46924447113065,-17.75081951277548
-353.91338466235925,-17.681177763557343
-351.3575449464233,-17.61153656182637
-349.021512585264,-18.06237332992248
-346.90128253323326,-19.035526530103425
-344.34066820100645,-18.965755230223408
-341.9958459843826,-19.418302543756226
-336.87248084634786,-19.242512266265408
-334.31034032616225,-19.172699381006282
-331.74822362683346,-19.102887144814872
-329.1861312692997,-19.03307557188566
-325.6470862471854,-19.43390888848512
-323.09087195649545,-19.364257480388005
-320.53467427533053,-19.294606524865117
-317.7783812472465,-18.704074527137095
-315.2238265810386,-18.634468340280705
-312.669289670545,-18.564862637229908
-310.1147709251298,-18.495257429138974
-307.5602707668354,-18.42565272750744
-305.1978587679247,-18.87671088923412
-302.83248906000756,-19.328338023467268
-300.6537238036174,-20.303081774673046
-298.28104593081946,-20.756465852829137
-295.7185823858596,-20.68664416583124
-293.1561403235229,-20.616823064189248
-290.59372027151034,-20.54700256228182
-288.03132277494393,-20.47718267496225
-285.46894839709154,-20.40736341757861
-282.90659772012833,-20.337544805993844
-280.34427134593625,-20.267726856607965
-277.78196989694493,-20.197909586380774
-275.21969401701574,-20.128093012856198
-272.657444372372,-20.05827715418752
-270.09522165257795,-19.988462029163657
-267.53302657156956,-19.918647657238125
-264.9708598687409,-19.8488340585576
-262.24316475658014,-19.256475653594407
-259.6826736075937,-19.186707710195947
-257.12221320006904,-19.11694060443699
-254.56178438678188,-19.04717435955388
-251.84249688710412,-18.455698303320332
-249.28374830183589,-18.385977841080717
-246.72503404450066,-18.31625831420422
-244.16635510388522,-18.24653974963337
-241.6077125071048,-18.176822175354914
-238.9612979501921,-18.104713001656478
-236.4018629442835,-18.034973835912865
-233.98998494716295,-18.486636534818217
-231.4289805404162,-18.41685460623637
-228.86799986875837,-18.347073324385292
-224.89422110859857,-16.155129621521723
-222.34706632948914,-16.085725065865972
-219.79992306260502,-16.016320823893807
-217.2527916751941,-15.946916905612056
-214.70567255029076,-15.877513321457627
-212.02555131259692,-15.291330229366963
-209.48005485305345,-15.22197085939581
-206.93457190022804,-15.152611857454076
-204.26103956148984,-14.567251350843549
-201.71717990427854,-14.49793658025817
-199.17333517279843,-14.428622216367216
-196.69883295707035,-11.814997239766058
-194.0334448225756,-11.232094853877015
-191.49026666972227,-11.198581375466347
-188.94807994598065,-11.129312188763379
-186.5227066821696,-11.573524563411752
-183.97896334297621,-11.504212962245106
-181.43523914096653,-11.43490188252622
-178.89153480241214,-11.36559134404422
-176.34785109079957,-11.296281367602546
-173.91315695269827,-11.740879641137212
-171.36792218792465,-11.67152740179256
-168.82271060347682,-11.602175794062532
-166.17333922668433,-11.019047537630627
-163.42497837877494,-9.92420193022042
-160.78400450939841,-9.343218505957338
-158.24526232074908,-9.274043175516908
-155.70654848795107,-9.204868617713146
-153.26371397016499,-9.647329065263534
-150.72347197285376,-9.578112868223798
-148.18326226969182,-9.508897551130985
-146.10022093596376,-12.006837700504434
-143.91347214120248,-14.002588048784446
-141.44799848494162,-14.450860645975467
-138.80452979655246,-13.86338022513371
-135.9933661946959,-12.244312755540136
-133.44381167549705,-12.174842812065776
-130.8943020495299,-12.105374091836552
-128.13002752010513,-14.068071534445835
-122.95597171080863,-13.37752891904006
-120.408668903458,-13.308120329929238
-118.08362079071749,-14.788104595220716
-115.53154464415447,-14.71856594275846
-113.05054098458973,-15.166703696131776
-110.49689312898406,-15.097122217937681
-108.21550369565067,-17.10442218444905
-105.72211246440028,-17.55548038513041
-103.16046696065484,-17.48568098801752
-100.59884323044159,-17.415882184187012
-98.03724266295065,-17.346084011491598
-95.47566676810291,-17.27628651107318
-92.97277509222157,-17.72774114509457
-90.40963650205894,-17.657901064549264
-87.84652800115057,-17.588061803872165
-85.28345173755237,-17.518223421593234
-82.77266553940686,-17.970119488809928
-80.25874238369218,-18.422587867774155
-77.7416791821428,-18.875629722510325
-75.17389472573032,-18.805663051981014
-72.60615706477154,-18.735697656528373
-69.99419799100741,-18.142900842695667
-67.42818908509898,-18.072982552144936
-64.86224002706692,-18.00306589232173
-62.29635625284757,-17.933151011343625
-59.69281137937673,-17.341242501940087
-57.12869810959422,-17.271375863445996
-54.56467090836103,-17.201511570137086
-52.033608921255066,-17.653512952361666
-49.46816118249599,-17.583609952423444
-46.90184985287178,-17.54969291683676
-44.36469272781233,-18.002210031256368
-41.82447014085644,-18.455303933865594
-39.256333000173534,-18.385327653439163
-36.688381626160826,-18.315356434759906
-34.12064130162316,-18.245390966730383
-31.553142112653738,-18.17543206913274
-28.985920145438975,-18.105480725238863
-26.264777605706076,-20.07927271055155
-23.69612697144323,-20.009282438516152
-21.11412142167017,-19.415654336173702
-18.54709446037463,-19.34570830577684
-15.980067499079091,-19.275762275379975
-13.404567359932773,-18.682972548442194
-10.839162020217334,-18.6130707037878
-8.2685333492642,-18.02107357867976
-5.708351340786443,-18.473267014479006
-3.142946001071003,-18.403365169824724
-0.6478433043701841,-16.289369516732336
1.9191836569253553,-16.219423486335472
4.486210618220891,-16.14947745593861
9.625368390169585,-16.495063309567172
12.19401902443242,-16.425073037531774
14.762669658695255,-16.35508276549649
17.331320292958093,-16.285092493461093
19.899970927220927,-16.21510222142581
22.468621561483765,-16.14511194939041
25.021445854282792,-15.553926432692265
27.58847281557833,-15.483980402295288
30.155499776873874,-15.414034371898424
32.70185552734303,-14.823684144583922
35.26726086705847,-14.753782299929526
37.83266620677391,-14.68388045527513
40.398071546489355,-14.613978610620734
42.963476886204795,-14.544076765966338
45.528882225920235,-14.474174921311942
48.12468850594265,-14.924412159120152
50.6917154672382,-14.854466128723288
53.258742428533736,-14.784520098326425
55.86107980690064,-15.235238412930926
58.42973044116347,-15.165248140895528
61.036987645727216,-15.616492687371647
63.60726400823958,-15.546458117695806
66.17852206613577,-15.512451875914053
68.74879842864814,-15.442417306238099
71.36424203295351,-15.894123166021359
73.83666578611482,-15.783881355514495
76.39740486957399,-15.714106656428385
78.95842047473289,-15.644324422713566
81.51967660653182,-15.574535635158895
84.08114325485258,-15.504741111476278
86.69752848892325,-15.955403128796092
89.26096271515074,-15.885554992796187
91.76657275420168,-15.295329487258869
94.32866457538796,-15.2255179289441
96.89087311245667,-15.155703190369422
99.57891766412224,-16.12702546399089
102.1445656157987,-16.057117008676073
104.71029969042935,-15.987206206693827
107.27611206618883,-15.91729327117207
109.91147211861211,-16.36875924646813
112.55023343628639,-16.820794916585555
117.61338504330435,-16.122978091471623
120.10515486437421,-15.531831426691951
122.59382326028307,-14.94143035725881
125.15840674988085,-14.87155090627391
127.72303031139698,-14.80167036341436
130.28769108423455,-14.731788806625332
132.76851501760282,-14.142261318168494
135.3316235185112,-14.072422057491394
137.89476210867383,-14.00258197694609
140.45792882670676,-13.93274112997608
143.11147002832416,-14.382368077762635
145.76839061587248,-14.832562780502599
148.42869548810773,-15.283326356776229
151.0923896773005,-15.734659924695166
153.66216221225463,-15.664639083249767
156.23195411971204,-15.594617713944785
158.80274295076174,-15.560512307477552
161.27050045892196,-14.969334849447705
163.8387187695999,-14.89935635731149
166.40695251664638,-14.829377444567058
169.18922900806513,-15.802102570979287
171.76074427102455,-15.732034243898624
174.24700163199608,-17.18600159704988
176.81420228001315,-17.11605083405891
179.4949829931902,-17.568568304697123
182.0639012175982,-17.498570741398794
184.63286252441208,-17.428572004196553
187.2018648961623,-17.35857214806208
189.77090643937964,-17.28857122458828
192.33998537521484,-17.218569282245085
194.9091000308967,-17.148566366612044
197.40822267788064,-14.508595012025125
200.1040522753355,-14.959739323311737
202.67489211568392,-14.889689400062025
207.68415225716052,-14.192654637915211
210.2534511424481,-14.122646702416773
212.68816366955966,-13.532392384333775
215.25588916402987,-13.462427320392067
217.68595021841054,-12.872962088388817
220.11296443167362,-12.284240964432797
222.67751591705726,-12.214362385494724
225.2420890084873,-12.144483217837774
227.80668289625282,-12.074603483524925
230.37129681059739,-12.004723203530261
233.0831714415476,-12.453420525351362
235.79849527483663,-12.902684951837955
238.51727419451402,-13.35251757789274
241.23951413082975,-13.802919500339385
244.12090367346656,-14.811569468775588
247.00864548094742,-15.78675016505565
249.74497638115275,-16.24012804356539
252.48480154916956,-16.694081959375126
255.06587150513008,-16.623753287211457
257.4832663197751,-16.029276084693265
259.8976051049511,-15.435553401158018
262.47543856626623,-15.365312916596736
265.2216795596984,-15.818420766122586
267.6311435292053,-15.224830910956598
270.209014238674,-15.154589411462212
272.96020466570013,-15.607562399439075
275.67582516453143,-18.11524692923649
278.43159769456463,-18.57040755897242
281.0121393250119,-18.500093282556577
283.59270416187167,-18.42977837381511
288.9366058580646,-18.779078380455303
291.70444057071705,-19.235237940771754
294.28837703311183,-19.1648311623984
297.06142422825513,-19.621525862018075
299.6470461217284,-19.551073159228963
302.42531458665405,-20.008304053494385
305.20714524539227,-20.466117646780276
307.7961205970722,-20.395573569380304
310.4667370406717,-20.322804945692724
313.0550188601272,-20.252279765572325
315.643330121148,-20.181753783231784
318.0288455310882,-19.58314098890878
320.4123317852406,-19.02132334422447
322.791829624407,-18.42420978671032
325.37530829646795,-18.35381548215082
328.1677037127092,-18.81000593745125
330.9636837512261,-19.26677721182307
333.76325464157105,-19.724130433660207
336.3517756967485,-19.653598734874663
338.9403201065452,-19.583066399725453
341.52888730194564,-19.512533443716848
344.11747673226535,-19.441999881853917
346.70608786441863,-19.3714657286622
349.29472018222197,-19.30093099820658
351.8833731857286,-19.230395704109355
354.69825701369166,-19.688012772930506
357.28860195628073,-19.617431377088337
359.87896618827165,-19.546849455651
365.29188248905757,-19.898205850784507
367.88395615738733,-19.827577350838965
370.71277334812703,-20.28615776633046
373.0681559434921,-19.686318921812017
375.6602812906285,-19.615689013728797
377.9255482680128,-21.076367305703343
380.51378442511316,-21.00584336978511
383.10204517239436,-20.935318763836563
385.69032998360217,-20.864793502197244
388.27863834738844,-20.794267598800275
390.86794981760477,-20.759709039361155
393.45630380952645,-20.689181892694364
396.0446799042837,-20.618654143772346
398.6330776451252,-20.5481258050404
401.1509344669521,-17.88795934059806
403.73937417926476,-17.817429858232686
406.3278342406991,-17.74689982139705
408.91631424200665,-17.67636924124224
411.5048137848372,-17.60583812862251
414.3575911492029,-18.062422679091128
416.9477805283248,-17.9918455220228
419.5379883275216,-17.921267863046637
422.12821418834204,-17.850689711929704
424.98967005899453,-18.30772018831317
427.58158506627296,-18.23709601154428
430.17351712496134,-18.166471370160593
435.07861878963934,-17.461689568171437
437.668945989992,-17.391108655767425
440.25928898568674,-17.320527312974036
442.8496474844983,-17.249945547753555
445.7244656593469,-17.706588858771966
448.31650845960746,-17.635961199915755
450.9085659377873,-17.565333141117435
453.5006378288653,-17.49470468959828
456.0927238741612,-17.424075852406645
458.6858081611191,-17.38957202100312
461.2779217632366,-17.318942432946756
463.8700487797231,-17.24831247937732
466.4621889754419,-17.177682166701857
469.0543421207183,-17.107051501178375
471.64650799118226,-17.036420488920612
473.93604521486196,-16.439036395304925
476.526581645233,-16.368449781827508
478.6577624693346,-17.832335868720634
480.93803916127564,-17.23559776099478
483.52321017323817,-17.165157343768897
486.1083976688612,-17.094716477398265
488.6936013737246,-17.02427516936018
491.27882101946426,-16.953833426967208
496.4483282870594,-16.777026514465774
499.35165258078547,-17.232499597271044
501.9385811470125,-17.162011290425767
504.84728813416893,-17.618019571706668
507.43589569765527,-17.54748551575358
510.3499958115392,-18.004030016647334
512.940283592007,-17.93345017835145
515.5305851712624,-17.862869964067954
518.121881009036,-17.8282803052673
521.0447205303032,-18.28529415526691
523.6367163381793,-18.214667776853275
526.5649735002636,-18.672219828759125
529.1586512877349,-18.60154761997535
532.0923367595962,-19.059638898594812
534.6876978954384,-18.988920822144678
537.2830712411533,-18.91820241300138
539.5334863530246,-18.318855408408922
542.1272251696811,-18.248181536709467
544.7209756479845,-18.177507347255073
547.3147376148955,-18.106832844760447
550.260114808007,-18.56460554881778
553.5634393124544,-19.552719612323244
557.2324451899301,-21.075117560806916
562.8000485375353,-21.42936510076254
565.4055298975392,-21.358371269706936
568.3758328615803,-21.820288608007672
570.9830083142007,-21.74924861652778
573.5901938935964,-21.67820834911481
576.1973894565795,-21.607167809670273
578.804594862648,-21.536127002022567
581.412796948673,-21.501308011090714
584.1698999932366,-24.03605397676654
586.7767695476851,-23.965022320361868
589.3836517643172,-23.8939903189397
592.3710031184647,-24.35784146911726
594.979585530547,-24.28676314098152
597.2043726624223,-23.680892291567034
599.811303818487,-23.60985895664919
602.4182467974292,-23.538825299583095
604.9541407551985,-20.85985641190541
607.9515703423613,-21.321755656553705
610.5602232832565,-21.250675406657592
613.1688874354054,-21.179594851278694
615.7775626507834,-21.10851399445039
621.7931781062615,-21.997526703149106
624.8073069628948,-22.46104898148701
627.0173185213583,-21.855179976846102
629.2244979887928,-21.250089942449904
631.8349142618239,-21.178961645499726
634.0375994164758,-20.57469452027135
636.6473457175957,-20.53985674901537
638.8455451344956,-19.936387653434963
641.4526478686885,-19.865349643377726
644.4736803454881,-20.326605759433733
647.0824776640579,-20.255521575552848
649.6912843383797,-20.184437136747533
652.719585847108,-20.646194316172796
655.7517939204669,-21.108545528726722
658.7879159921655,-21.571491925002874
659.7026288826346,-19.368076437450895
660.612662707384,-17.175953039013393
663.2131667629818,-17.10509482892735
665.813679371308,-17.034236385797612
670.9932905914118,-20.148274689000687
676.2134378313467,-19.969741171634382
678.8240178935639,-19.89860841177699
681.8731096464434,-20.360476223698015
684.4853856995226,-20.289297251693142
683.2887299290223,-18.042428598743868
685.8866593926213,-18.007639277860903
688.4836187087401,-17.93687765439404
691.0805879219772,-17.866115761251535
693.6775669173608,-17.79535360156649
696.2745555816931,-17.724591178422997
698.8715538035153,-17.653828494858317
701.4685614730749,-17.583065553862866
704.0655784822931,-17.512302358381476
706.6626047247328,-17.441538911314524
709.259640095568,-17.37077521551805
711.8566844915529,-17.30001127380558
714.9111345701547,-17.757854644945382
717.5098593646961,-17.68704491594258
719.6478708210377,-17.08771800067416
724.8410581806957,-16.91021594232268
727.4381546442698,-16.839450581878964
730.5026315772463,-17.296997695975165
733.1014073221669,-17.226186578682814
735.7001912346898,-17.155375238840634
738.7729300390245,-17.649435300604523
741.848634206863,-18.108087347984565
744.4507738981539,-18.03718457030118
747.0529214186104,-17.96628157928967
749.1748364043713,-17.36600545363126
751.7753323474356,-17.295147464594493
754.375835866044,-17.224289269140286
756.9763468796712,-17.15343086946268
759.5768653089282,-17.082572267724913
761.6894414013592,-16.483245176146056
764.2883095542617,-16.412431540932516
766.8871848866528,-16.341617710093146
769.4860673235444,-16.270803685671353
774.1872339931226,-15.565637499872423
777.7797140952506,-16.550538455153855
781.8829469311928,-18.068129082171936
785.4968762662642,-19.059411085543843
788.2526132673781,-21.595984370486917
791.3708824589687,-22.094698811873513
794.492190370585,-22.55798547206166
797.104258843957,-22.486812156162728
800.2312848148292,-22.950649174513728
802.8450514682893,-22.879429586815604
805.4588261148017,-22.808209781323853
807.5526134308301,-22.20211669384389
810.093523929346,-19.517970850849338
812.7056400992952,-19.446796235320107
815.3177639442118,-19.37562141066428
817.4038954556969,-18.772124705787405
820.0143545923859,-18.70099524089369
822.6248211751886,-18.629865573109214
827.8447911852688,-18.45144854193461
830.4552796739686,-18.38031827726104
833.0657753235782,-18.309187817467773
835.6762780650802,-18.23805716443553
838.287773034349,-18.20308341485213
840.8982897561017,-18.131952380887697
843.5088133679392,-18.060821159183206
846.6638221465117,-18.521507927284915
849.2760392250151,-18.450330562212002
851.888263003688,-18.379153014573603
854.5004934193721,-18.307975286090823
857.6646381562617,-18.769117116233474
860.2785637224295,-18.697893198501788
862.8924957449861,-18.62666910484711
865.5064341638262,-18.55544483690744
868.6797348338399,-19.017042545639924
871.2953701146929,-18.945772041815758
876.5256721839373,-18.767003540800033
879.7081482274106,-19.229034588222703
882.4012985279824,-19.155651964811454
885.0184205890878,-19.084340949384455
888.2092064714801,-19.58315429361801
890.8280316262374,-19.511796872507716
892.449518576461,-20.987647605517168
895.0647351602667,-20.916388510297907
897.679960304418,-20.84512918182736
900.2951939323385,-20.77386962219225
902.9104359683615,-20.702609833454176
905.525686337718,-20.631349817650403
908.140944966521,-20.560089576794326
910.7562117817564,-20.48882911287535
913.371486711266,-20.417568427859692
915.9867696837381,-20.34630752369037
918.6020606286938,-20.275046402287785
923.8316820771879,-20.096407633490458
926.4469965248686,-20.02514587168855
929.0623186712069,-19.953883900114533
931.6786325307544,-19.91873760244289
934.8963515455055,-20.38151985284253
937.513382623272,-20.310211316518235
940.1304211430602,-20.238902577414592
942.140026663077,-19.633686840216342
944.7553936313687,-19.562423647339415
947.3707678485289,-19.49116025694616
949.9861492531854,-19.41989667070891
953.2157231733006,-19.882355900126186
956.4494713615047,-20.345411658325474
959.0682486803202,-20.27405554064285
962.3078767483734,-20.73766272892908
964.9283585581009,-20.666260167490805
970.7950804184042,-21.022761567379575
973.4172754291086,-20.95131232485471
976.0394771221393,-20.879862900250714
979.295291763883,-21.380692556427448
981.9192016893494,-21.30919658611913
984.543118138084,-21.237700438065644
986.5293362499269,-20.630272615338185
989.1515705411585,-20.55882230250245
991.7738111934469,-20.487371816341465
994.3960581552616,-20.41592115825938
996.5273132994106,-22.428609757767276
999.1476617124082,-22.357210831106386
1002.4151544098349,-22.82246646402814
1005.0372101496212,-22.751021016339905
1007.6592730995928,-22.679575372189447
1012.9024367935549,-22.500585006449114
1015.5245210316947,-22.429138782241353
1017.4178886068019,-19.199819306208042
1020.0392799763316,-19.16460465594332
1021.340982116342,-18.026087343281233
1023.9580221789508,-17.95477856213904
1026.5750689955112,-17.88346959696605
1028.528983259113,-17.27977132817489
1031.1443571758755,-17.208507945966858
1033.7597376858323,-17.13724438410827
1036.375124737922,-17.065980643990542
1038.99051828161,-16.994716726990532
1042.2774888137963,-17.45561202068245
1044.8945814621818,-17.384301806689564
1048.1874944451297,-17.845745449942683
1054.1041700538792,-18.20019608606424
1056.7246669079314,-18.128793114700102
1059.3451699259194,-18.05738997538174
1061.9666650481352,-18.02217249807677
1065.2748980712054,-18.484623370582426
1067.8971121461248,-18.4131736085983
1070.5193322050222,-18.341723683563373
1073.8352502251685,-18.8046795624241
1076.4591771611927,-18.733183128614314
1079.083109951794,-18.661686535279614
1081.707048553429,-18.59018978360666
1084.3309929229847,-18.51869287477018
1087.658018660087,-18.982061884441123
1090.2836716925483,-18.91051841817091
1092.909330369771,-18.838974798092977
1098.159676592782,-18.659631054029887
1100.7853519570872,-18.58808697926429
1101.4261325541318,-19.570339817164154
1104.04654032123,-19.49893927323012
1106.6669544144102,-19.427538556923878
1109.287374787877,-19.356137669493137
1111.907801396275,-19.284736612173788
1114.5282341946854,-19.21333538618967
1117.1486731386185,-19.141933992753252
1120.4924832474371,-19.60511013837015
1123.1146271485152,-19.533662288474034
1125.7367770680653,-19.46221427458738
1128.3589329632418,-19.390766097877645
1130.9810947916044,-19.319317759501132
1136.224452472856,-19.14032210801929
1138.1114177559616,-18.534641768767187
1140.732893048389,-18.499314110855607
1142.6157437426573,-17.894437773868162
1144.4961721943569,-17.290341264609083
1147.1133024419323,-17.219030026118162
1149.730438286367,-17.14771863512476
1152.3475796887387,-17.07640709268935
1154.9647266104862,-17.00509539986274
1157.5818790134028,-16.933783557685842
1160.1990368596355,-16.86247156719014
1163.566404111749,-17.323576793790266
1166.1852612283208,-17.252218501788434
1168.8041236801557,-17.180860064411945
1174.040882105806,-17.00209084190817
1176.659760345692,-16.930731974340915
1179.2796261148756,-16.895424880921723
1181.8985147019562,-16.824065731415317
1184.5174084101461,-16.752706442369572
1186.3709066199567,-16.149343724981918
1188.9881219409451,-16.078030168421265
1191.6053422770176,-16.006716475210283
1194.9930337671867,-16.467267909507427
1197.6119525684944,-16.395907936727554
1200.3809981818233,-18.942120681901542
1202.9997519665471,-18.870765205472935
1205.6185113785136,-18.79940957571398
1208.2372763804099,-18.728053793641266
1213.4738436626444,-18.54939975438424
1216.0936045574615,-18.513985543573995
1218.6410097936002,-15.822910808897177
1221.259802196842,-15.751554280196046
1223.878599972921,-15.68019760509651
1226.4974030867531,-15.608840784554559
1229.1162115035595,-15.537483819517774
1232.5302059669057,-15.998032380448194
1235.1507155378617,-15.926629062575444
1238.570824130639,-16.38772623661987
1241.1930369179017,-16.31627650972166
1243.0122753392995,-15.712418261859511
1245.6328055248798,-15.641014382282037
1250.8728981044458,-15.462131019572212
1253.4934434060274,-15.390726728115851
1256.1149766543294,-15.355397491029862
1258.7355318731481,-15.283992929349779
1261.3560920033688,-15.212588233844372
1263.9766570138684,-15.141183405361858
1266.597226873786,-15.069778444742951
1269.2178015525205,-14.998373352821545
1271.8383810197274,-14.92696813042437
1273.6367336548358,-14.324394186011546
1276.2556319064176,-14.253034773167997
1278.8745348539217,-14.181675232370594
1282.3207461752334,-14.641345952374309
1287.5609737410277,-14.462458911576618
1290.1825688711951,-14.42712798834134
1292.8031855837376,-14.355721751087913
1295.4238068227799,-14.284315390497
1298.0444325604035,-14.212908907329393
1299.8259240187467,-13.610794394157551
1302.5940643775104,-16.15703180559501
1305.2128537206454,-16.08567536027533
1307.8316480982096,-16.014318777778044
1310.4504474794724,-15.94296205894068
1313.0692518339513,-15.87160520459372
1315.6880611314114,-15.800248215560941
1318.306875341863,-15.728891092659751
1322.6901905292293,-15.018960416104164
1326.1633471548755,-15.514818928817704
1328.7821807221922,-15.443461278483028
1331.4010190561305,-15.372103498267961
1334.019862128117,-15.300745588951145
1336.6387099098051,-15.22938755130508
1339.2575623730747,-15.15802938609579
1341.8764194900289,-15.086671094083385
1345.3632575281706,-15.546927310015349
1347.983814551635,-15.475522699162525
1351.4768595964867,-15.936327184176434
1354.09911861362,-15.864876197612489
1356.7213821540627,-15.793425087797914
1362.8463143744912,-16.183235027417027
1365.4702863982416,-16.11173736506248
1368.094262842854,-16.040239582248773
1369.8327667808942,-15.43616771517145
1372.4550569090552,-15.364715880898075
1375.0773513783804,-15.293263928337183
1376.810237865289,-14.69006391289679
1379.430848040853,-14.618657853762215
1381.1598163749302,-14.016281996487919
1382.8865594537544,-13.414682781903025
1386.3976764982763,-13.873561437286071
1389.0166128530639,-13.802200986211233
1394.253518684902,-13.62353772219683
1397.775237277549,-14.118812224359544
1400.3958808808516,-14.047405254390128
1403.922869982423,-14.507284835981181
1405.7856840730774,-16.523902269784003
1408.4061939705916,-16.45249894301321
1411.026708421417,-16.38109549217438
1413.6472273998033,-16.309691917969076
1416.2677508801946,-16.23828822109374
1418.8882788372264,-16.16688440223936
1421.43738335378,-13.47406901999966
1423.1391731434767,-12.872433720312074
1428.376878647511,-12.729717374157985
1430.9957379364782,-12.65835902296294
1433.6146015510394,-12.587000553904659
1436.2334694671404,-12.515641967638544
1438.8523416609044,-12.444283264815226
1441.4712181086315,-12.372924446080447
1444.0900987867967,-12.301565512075172
1446.708983672047,-12.23020646343582
1449.3278727412028,-12.158847300793923
1451.9467659712518,-12.087488024776462
1454.5656633393526,-12.016128636005874
1457.1845648228302,-11.94476913510016
1462.4223800460356,-11.802049799331712
1465.1198590717734,-11.728549227357234
1467.7386343344585,-11.657193165699823
1470.3574141170548,-11.585836980884437
1472.976198395064,-11.514480673578646
1475.5949871441671,-11.443124244445016
1478.2137803402181,-11.371767694141454
1480.8325779592453,-11.300411023321317
1482.4949316344587,-10.700566283173202
1485.1120495650273,-10.62925538029458
1487.7291718448762,-10.557944358907207
1490.3462984507275,-10.486633219645569
1495.5805645481496,-10.344010590013795
1498.1977039939877,-10.272699100889781
1501.7831153180186,-10.729553395013227
1504.4019516929684,-10.658195668176404
1507.173143143876,-13.204351800779136
1509.7918452151307,-13.132997733432717
1512.4105519363134,-13.061643539385614
1514.0524552472884,-12.460665721820646
1517.6479792306661,-12.91893477385429
1520.2666997553663,-12.847580203690654
1522.885424833051,-12.77622550946785
1528.122888552284,-12.63351575143588
1530.7416271467,-12.562160688910922
1533.360370199833,-12.49080550489532
1536.9707116960692,-12.949389002847397
1539.5911542053882,-12.877987512261711
1542.211601107258,-12.806585901988342
1544.8320523789812,-12.735184172645745
1544.8320523789812,-12.735184172645745
1547.4525079980147,-12.663782324848285
1550.0729679419712,-12.592380359205663
1552.6934321886176,-12.520978276324058
1555.3150947692634,-12.49339796679908
1560.554850524628,-12.306771330240508
1563.1753317627154,-12.235368784378124
1565.7958171945784,-12.163966124244325
1568.4163067988766,-12.092563350420505
1571.0368005544142,-12.021160463484307
1573.6572984401378,-11.94975746400928
1576.2778004351376,-11.878354352565225
1577.8796624499214,-11.277749383583227
1580.4984819495926,-11.206392116561915
1582.0965980114486,-10.606607408498348
1584.7149296171624,-10.579061311091095
1589.9480272724586,-10.392672643484161
1592.5651783094015,-10.321360838527198
1595.18233328822,-10.250048926162435
1598.830330571313,-10.706888192271663
1601.4491818671668,-10.63553005887195
1605.1035877505897,-11.092912895899076
1604.7678212251817,-12.051630723784797
1607.3831770112472,-11.980367835599736
1609.9985370566822,-11.909104831355876
1611.575515054982,-11.309642357414532
1613.151654298417,-10.754499841378106
1617.2625776511736,-7.430605623447605
1618.831863499656,-6.835176683228497
1621.4405253092805,-6.764096191678391
1624.0491912233445,-6.693015588291132
1625.6131227110723,-6.098442458549698
1628.220121325059,-6.027407285546815
1629.7803799991552,-5.433642780721925
1632.38571337437,-5.3626529819373445
1633.9423072921722,-4.769695519016523
1636.5459774869726,-4.698751038364435
1641.7533297352356,-4.556861753936914
1644.3570117506038,-4.485916951199442
1649.076254119994,-5.459121981017006
1651.6832884167836,-5.388085835733591
1653.2285227794987,-4.794730711470834
1654.7717786482128,-4.202136682047467
1655.2520008344513,-3.09008059459336
1656.791004886058,-2.4997158274974254
1659.389713106654,-2.428906550099441
1660.9250927678615,-1.8393423060019813
1662.4596953730857,-1.2939334816942392
1668.7162632030404,-1.6270494659565884
1671.3133274243485,-1.5562849840461013
1673.9103953213023,-1.4855204019820576
1676.5074668765792,-1.4147557202365988
1679.1045420729658,-1.3439909392785694
1681.7016208933558,-1.2732260595740854
1684.2987033207496,-1.2024610815864207
1686.8957893382556,-1.1316960057758934
1689.492878929085,-1.0609308325998654
1692.089972076555,-0.9901655625129706
1690.5114710427374,-1.4856980803526767
1695.6909958658096,-1.3013476897367582
1698.2813524536346,-1.2307659765865537
1700.8717128812477,-1.1601841588103525
1703.4620771308894,-1.0896022368920057
1706.0524451849085,-1.0190202113125224
1708.642817025764,-0.9484380825497283
1711.233192636021,-0.8778558510787207
1713.8235719983518,-0.807273517371641
1717.5100048752897,-1.253416782064619
1720.103223345558,-1.2260040316568848
1725.28613883924,-1.0415336539115287
1727.8781908550502,-0.9709057439511071
1730.4702465234989,-0.9002777344641117
1733.0623058279728,-0.8296496259032438
1735.6543687519593,-0.7590214187182482
1739.3571358766692,-1.2054181283676826
1741.9508622653775,-1.1347445953034594
1744.5445922269391,-1.0640709648865823
1748.2554218614328,-1.510947846646559
1750.8519963389074,-1.4834989551692388
1754.9195474806206,-0.7813754784417597
1756.391000497455,-0.19399226387542967
1758.9830952702341,-0.123363188878443
1760.4510229900072,0.46322545033137885
1763.0414704858172,0.5338096405309898
1766.7594002853975,0.08852460005675766
1769.3515088048503,0.15915404962140656
1771.9436207227923,0.22978359178750907
1774.535736024132,0.3004132261440873
1777.129032206933,0.32782809405330227
1782.3121020789597,0.5123026782805482
1784.904230764753,0.5829326773350658
1787.4963627598136,0.6535627665599577
1790.0884980495753,0.7241929455585705
1793.826119454459,0.27874594098716443
1796.5684656095236,-2.243072011403342
1799.1621533056928,-2.172399532628674
1801.755844572781,-2.101726956553989
1805.5032155712702,-2.549268356278958
1808.0290083865468,0.07445313609719051
1812.0599473021218,0.7755790074543256
1814.6536561915864,0.8462520637012858
1817.2473685597085,0.9169252147343059
1819.8410843914207,0.987598460142749
1822.4348036717436,1.058271799518593
1825.0285263857832,1.1289452324558624
1827.6222525187304,1.1996187585510825
1830.215982055863,1.270292377403166
1832.8097149825412,1.340966088613186
1835.404629549681,1.3683974202275522
1840.5909339547181,1.552987772436154
1843.1846802948598,1.6236618491344643
1845.7784299525983,1.6943360162302952
1849.5540065601526,1.2492233519150204
1852.1494212226553,1.319942886852914
1855.9314961294895,0.8743060857161709
1858.5285778712685,0.9450710450222459
1861.1256628648728,1.0158360929336823
1862.5322915277145,1.5595517956759295
1865.127722439337,1.6302717733678946
1870.3174148563292,1.8149821108703463
1871.7161059252173,2.401082575327564
1874.3098911603392,2.471757711831515
1876.9036795484947,2.54243293424895
1880.699195802217,2.0978635829249015
1882.0912657311062,2.6837836353854527
1884.685063499347,2.754459113390226
1888.4855644093457,2.310025583358538
1891.082205827128,2.3374762988170232
1895.0602854494227,3.037161866745123
1897.8020343715382,0.5153276410256922
1900.3957438154928,0.5860007123814057
1902.989456578018,0.6566738741610152
1905.583172645393,0.727347125990832
1906.9583882415204,1.3137661475193454
1909.5504546053032,1.3843944484315216
1912.1425242311452,1.4550228382278192
1914.7357710622503,1.4825669804076824
1917.327847172048,1.553195546877987
1921.283961549299,2.2523542656384734
1925.1029208243835,1.8081661077511626
1928.9267637433184,1.3634103840424814
1931.5205121209915,1.434084516259304
1934.1142636574737,1.5047587345469537
1937.94632269947,1.0595249040662793
1940.5417389280249,1.1302444816758452
1943.1371582790518,1.2009641443661394
1945.7337561977429,1.228544460598414
1950.923434940832,1.4131236394844109
1953.518866655953,1.4838436390699599
1956.114301430986,1.5545637220316166
1957.4581675352476,2.1408305151849163
1960.0519499645748,2.211505575236856
1962.6457354151469,2.282180717611368
1965.2395238748566,2.3528559419784187
1967.8333153316628,2.423531248010022
1970.4282844803342,2.4510947693174785
1974.3531400635543,3.1501299374641576
1976.9452870656348,3.2207604355985495
1979.5374370036782,3.2913910137316407
1982.1295898660276,3.3620216715459037
1984.7217456410888,3.432652408725403
1987.3139043173287,3.503283224955908
1989.906065883275,3.573914119924666
1992.4982303275144,3.6445450933208576
1993.9656751736377,1.5965886545932335
1995.282776593571,2.1817055015876576
2000.459143371464,2.365682159568223
2003.0479158511573,2.436220709137615
2005.5661288763713,5.096411636055905
2008.154907480366,5.166950352499498
2010.7436891285658,5.237489151891168
2013.3324738090898,5.308028033907249
2015.9212615101192,5.378566998225779
2017.2247293160342,5.917899275212562
2019.8118730587403,5.9883934451597725
2024.9849977711622,6.172383985529223
2027.5721504297571,6.242878398415428
2031.4540504927181,5.801802494660478
2035.3409080599608,5.3601637152070225
2039.3111285198486,4.920097103212925
2043.2078789322145,4.477327953789882
2045.8015583105287,4.548000205920744
2049.706131931118,4.061570783708589
2052.3014759787116,4.132288394540296
2057.490998009445,4.316863303347532
2060.0863514264843,4.387581169476675
2064.001401933839,3.9439053540547775
2067.9214684014055,3.499661536036456
2070.5201542086093,3.5704702027171606
2074.446914091511,3.1257027349109876
2077.0472707839817,3.1965569296650074
2079.648808239998,3.2241888689408142
2082.24917101424,3.2950432294102256
2087.4487279052914,3.4799745356926906
2090.0490997161887,3.550829142391649
2092.649474516602,3.6216838305485908
2095.249852295273,3.692538599856789
2097.8502330410015,3.7633934500108808
2101.7970594456847,3.3184653634004917
2104.5509984519254,0.7454874251016008
2107.1529553094556,0.816385220953407
2111.0024968800603,1.5185683093171747
2112.2496575687223,2.1059806983865883
2113.4952255340804,2.692641525457475
2114.73920381958,3.278552231827234
2115.981595460942,3.863714255111404
2118.5752612519996,3.934386137018464
2121.168930124526,4.005058102888825
2125.121678462415,3.5184111442189305
2127.7170118236622,3.589128463870452
2134.2711392552023,3.2587410306715583
2136.86814221858,3.3295038434335993
2138.0972037314664,3.915008099444094
